relative_path,hash,file_size
images_1/001_8385817333800104991_901061_.jpeg,5f57c993a82e6a87ccd234fb2f23b61d,65088
images_1/001_8385817333800104991_940050_.jpeg,0d9c8baae77c5872e66e3463798c6fc4,58340
images_1/002_7837564344000108915_120371_.jpeg,248341fda23eb58ebaca42a4a18fd60c,2106654
images_1/002_7837564344000108915_267474_.jpeg,cb44def8dc9b8e2c6617ce7e3dc4c094,2390147
images_1/003_7893322199100101051_631613_.jpeg,c77ff42474bcd880c8eb27c52c879966,368035
images_1/003_7893322199100101051_649824_.jpeg,3eb42c7f974c108040537329af37e80d,367851
images_1/004_7836458799400109817_518368_.jpg,8704ab3ad74dc9beda351990243880c3,2852628
images_1/004_7836458799400109817_552083_.jpg,6bdeac624a3facb5179305ccfe5c5c76,2986137
images_1/005_7838994953700102430_181933_.jpg,a8fd896a956a1fe724cd212020e76afc,3199605
images_1/005_7838994953700102430_695773_.jpg,47dc0a8a9ff8cc538b1a561937d50a5f,3687097
images_1/006_8083197141700108322_314693_.jpg,1326cff70f6c8dd2e0a560a1855c70d8,640253
images_1/006_8083197141700108322_889750_.jpg,8abcd9e19f1dd5057761125d6c64cc2f,407308
images_1/007_7834279949000105901_522517_.jpeg,fd770d396c111e8c20680631436ca951,2978978
images_1/007_7834279949000105901_584636_.jpeg,0dbbec1b022bf303eb4976207de5c9e9,2840285
images_1/008_7836210066100103418_642673_.jpeg,76e6525e291145ec67135256d5de1129,1624627
images_1/008_7836210066100103418_928836_.jpeg,8f09786e80e1d042a40636bf3920752d,2503210
images_1/009_8096822874200108804_222952_.jpg,59d9a44222a018e937902f41710d544d,2663527
images_1/009_8096822874200108804_783460_.jpg,7deebdc9b45ccb0a21773522bffb956f,2564825
images_1/010_8452762057000105684_276081_.jpg,e7e81c6c09aa16f248270a2ef2518f89,3664813
images_1/010_8452762057000105684_486590_.jpg,a283dd9f22901452b64a0a5dbb66a285,3105426
images_1/011_8071530553000108720_199705_.jpeg,831eac7934ea9a52918d55db78071b09,3963017
images_1/011_8071530553000108720_716792_.jpeg,0a3f3362fdf82be833788b7c0282f8e3,3598175
images_1/012_8347001393000102480_482133_.jpg,5bc256ed07a4900fcc91913a34c0209e,2878438
images_1/012_8347001393000102480_946091_.jpg,e2356fbac37681f67e1460975f5f1dc3,2897464
images_1/014_7834145267700105358_461919_.jpg,65be892520a41b57f81b270796e38656,2892409
images_1/014_7834145267700105358_856081_.jpg,435dd2e3f1657932a0ceddeef8609975,3202816
images_1/018_7833029503300105873_194178_.jpg,5f33076fc2b7be0f6e0d35df76bf105a,3235980
images_1/018_7833029503300105873_827718_.jpg,c089a8be0daba5905645815eaf6e91b3,2709541
images_1/019_7832999141600109667_407674_.png,5465c9f8df968249d00d810584b8b91c,43409
images_1/019_7832999141600109667_641128_.png,4609a6747722609ba4cfa46266330f63,50412
images_1/020_7832944277300104210_129851_.jpg,35daf4118e380861ca88cf9437201e68,2648206
images_1/020_7832944277300104210_580087_.jpg,39f03a116b440b6104e4c536c47e82e7,2583585
images_1/021_7841659260900101002_600982_.jpg,7819fbaf83da157b95eedce64c45ce03,2367267
images_1/021_7841659260900101002_602170_.jpg,632d277bcc04ecc04f829e7430d799f8,2570171
images_1/022_8281870174100104695_274443_.jpeg,a38692193ee9ac0168af213527f9731b,1026288
images_1/022_8281870174100104695_836125_.jpeg,7988605e556d0e0573e7a2a20215b02e,1497098
images_1/023_8187177319300108046_316727_.jpeg,08cf978c1030140e6c7390c990308cd2,40485
images_1/023_8187177319300108046_507895_.jpeg,7fe5326c5a1980dc84f2430612cc2737,55746
images_1/024_8126926884700105317_845968_.jpg,43d2126c832f14b7daf6f8afe7d77858,2297294
images_1/024_8126926884700105317_917223_.jpg,6117b0d76f92c38f48e96b058b840cc4,2176330
images_1/025_7833414844800109442_303696_.jpg,f0964d239bfdeb9155049d3fc5557350,2942402
images_1/025_7833414844800109442_655563_.jpg,f9329100b95d1a307140173bc9eb2226,2766554
images_1/026_7832667887300104298_506603_.jpg,8aa5006260f881bec7c93ed8ac49dac7,1751726
images_1/026_7832667887300104298_826075_.jpg,ae357b79a42e4db4101a8e6dedc5a754,1788233
images_1/027_7852221460900104455_267022_.jpg,b2ed6e72ee7405cb144e76301dc24ee2,5762465
images_1/027_7852221460900104455_654741_.jpg,6024e52d7196573fde680016f5b08631,5987974
images_1/028_7838856169200104815_327326_.jpg,08359034a752400ad3347046487adfe8,5858748
images_1/028_7838856169200104815_662160_.jpg,c0740b6ac2ff85c2825a57ba62e882a0,7088475
images_1/029_8020921120700108101_106107_.jpeg,d00cb914fe59af15f178f27cebbeafd7,3345022
images_1/029_8020921120700108101_471395_.jpeg,73644bb0a094e23ba342583b9f1112e0,3568528
images_1/031_8348779548600106108_140223_.jpg,62c1a53f013d2d5a443d2ea085adaba1,2817270
images_1/031_8348779548600106108_896668_.jpg,6c242dd00259e86ce15e853dac2ae2ab,2714112
images_1/032_8330841531700109738_186926_.jpg,a32bdc7e395b66cbb2172a118ffc8e4c,1170030
images_1/032_8330841531700109738_563218_.jpg,defb14954d7afbfe47de051a980e99f0,1068626
images_1/033_7839979085100107556_198277_.jpg,76394d5a92f2dd5c76355db6d66156c8,6026323
images_1/033_7839979085100107556_794219_.jpg,552f6b10e51163f215124bd47214400a,2662500
images_1/034_8097982298300100916_293356_.png,1c347bb5b87b3212e8a219cc5bdce9f2,1008689
images_1/034_8097982298300100916_683914_.jpg,44f11b9e1e860a563b6654727f5c13b8,509484
images_1/035_7833029243200105727_501661_.jpg,f0aa249aa24b0acf24e7be31bb23da81,2851101
images_1/035_7833029243200105727_618091_.jpg,84111a8357cf28f6068b4d6f7e86ace9,2720076
images_1/036_7837299597400100056_113868_.jpg,b8c5c1075c9d1851eba5c1875655c5bd,245204
images_1/036_7837299597400100056_961842_.jpg,27bfd08456d7bcbe57020264ad37bdb3,168731
images_1/038_7902717620300107244_572047_.jpg,f18a5c59541a7db8ecda3cddf3902727,3367512
images_1/038_7902717620300107244_757888_.jpg,ec6a994ce99d09fcea33855c2b97cb12,2983271
images_1/039_7833817810200104960_244363_.jpeg,c2544a12579011341da611acb4f59ae3,524045
images_1/039_7833817810200104960_324344_.jpeg,68c9b27030aa0a07a6206137abbfe5b4,581833
images_1/040_7846022919000100713_358298_.jpeg,f3343128eec5f99bd490954562eeefac,2416748
images_1/040_7846022919000100713_872749_.jpeg,9e3e1dd1c038e431767d8cb90a339038,2864376
images_1/041_7955128805800106574_177094_.jpg,1ce9810600252560c297aaf22fa4ce26,2548384
images_1/041_7955128805800106574_845919_.jpg,f3365006db32a90eda1efa2261d12355,2518804
images_1/042_7836040907000103612_227504_.jpeg,bc188a920c07bbd24e8051e62381a753,1261757
images_1/042_7836040907000103612_743724_.jpeg,203c72e849c1fba563c0c3604d201e27,1374345
images_1/043_8453676684300105964_521173_.jpg,37a44ade6630fdc92548fad2e9314761,1146973
images_1/043_8453676684300105964_926494_.jpg,23961bdeb2b1f61c64caf07b66983499,1288172
images_1/044_8016357325300106086_509735_.jpg,1b491962f228f6b7838ad8ba74ab1f7d,2921219
images_1/044_8016357325300106086_709042_.jpg,49b399e5783ce029236e5a32f0b817c6,2809986
images_1/045_7839781642000107536_572114_.jpeg,e4a93be0ae9fe962f3a2bcf004e0bb09,3095507
images_1/045_7839781642000107536_769792_.jpeg,cdb42daa9b3540662deeea6b61c89bd6,3111141
images_1/046_7832761389400105190_156655_.jpeg,3c2d7c645497775353b10666f8a13e0e,2461055
images_1/046_7832761389400105190_739749_.jpeg,91cfd9ba2affc1dc93f0008f2d11644e,2428262
images_1/048_7839363273400101834_225726_.jpeg,ac2410625b5300b629a38e1e4d84ca16,3028357
images_1/048_7839363273400101834_265783_.jpeg,4e715e8bb23550e5f42c0a9e83ffe652,3359290
images_1/049_7836779465500102964_414828_.png,92d51f5401ec68cb06744393c77c26fd,45082
images_1/049_7836779465500102964_679320_.jpg,db1ea37929e187edacbdf709f5d52626,79856
images_1/050_7846730580000107861_497678_.jpg,bae7827ab44508204b2768e3c88cef85,3480312
images_1/050_7846730580000107861_991670_.jpg,75a4e1c93635db17b45c6f4d70534168,5363965
images_1/051_7832726688700100679_629975_.jpg,92d640025cf4c835294f8699590d6bba,2332876
images_1/051_7832726688700100679_772585_.jpg,3bcbe96494c78ff20d80d2014d92e88b,2437302
images_1/052_8459613840000101057_515566_.jpg,b084946d88b0c1eb293088565a6a7cba,2894436
images_1/052_8459613840000101057_865549_.jpg,941182f6f676b173e43bb7a75faa0425,2631458
images_1/055_7832650227900109206_359119_.jpg,51145777ce5d428fa99ddf6acf6e3cb6,2419527
images_1/055_7832650227900109206_593066_.jpg,78c4db29e2d2192c61923a58860f610e,2514187
images_1/056_8014449546300104446_362349_.jpeg,e09837a572c83f453cc9a6a2f94ff05b,2472244
images_1/056_8014449546300104446_487640_.jpeg,a4105adc8cc8b92f29b943baea6f8832,2427631
images_1/057_8460304691900105680_544063_.jpg,fc7a72a2ad002b61676ecf1bdcc9cc16,3904517
images_1/057_8460304691900105680_833760_.jpg,7e5f2c6de8b3c120d8e97d26554270eb,2823463
images_1/058_7848674761500100353_681506_.jpg,54740cf8a14a57353db3b184c539777e,595168
images_1/058_7848674761500100353_807499_.jpg,4500362c1e863d5e1d221189bc4ed18c,366399
images_1/059_7833001043000100654_245914_.jpeg,5e894a4f611af8cb574d5a01beccac57,2033539
images_1/059_7833001043000100654_796713_.jpeg,14d6bf62ab540661c1e236113666471b,1736910
images_1/060_8461813193300107165_496255_.jpeg,be3bdd16812e3fdff7d38795b64343bd,1879818
images_1/060_8461813193300107165_892242_.jpeg,ecc0f2ffc351fdc44d913ab30f108812,1998469
images_1/061_8367916141600103707_526378_.jpg,1ec4e0867a18f4e5997de0e83a47358c,2145131
images_1/061_8367916141600103707_679281_.jpg,0ff554f918668024a407aec31e1fa96d,2894233
images_1/063_8153663389100102234_651172_.jpg,a9f28af09d72da5e1786ee39cc004f85,114955
images_1/063_8153663389100102234_809353_.jpg,b5475d0d7b5412c5732f8d6edfd5f4ba,106286
images_1/064_8110877415400104340_495552_.jpeg,76428e17375a35e58dd50f0324fee20d,2547970
images_1/064_8110877415400104340_975687_.jpeg,6282aa0f5f4dc87db6da61d723fa84cf,2455589
images_1/065_8192551729600100118_500641_.jpg,9de4ad099e914ad137e63027d7b7ed7c,2071856
images_1/065_8192551729600100118_713072_.jpg,9a3834a0f6c663e020c51db124f3f30d,2168486
images_1/066_7832668125700104475_733754_.jpeg,60d5e9d0ee138b2b2406c9840db6ed62,2015878
images_1/066_7832668125700104475_822366_.jpeg,3dc1ccad5d475c440f37e4ad69732fbe,2301192
images_1/067_8463216488200105533_801196_.jpg,668fb2cb09b721f81da969bf14740b7a,2200974
images_1/067_8463216488200105533_865910_.jpg,4b1b8f1cf27ab2b576bdab13519c1ff9,2564117
images_1/068_8383955833700102279_526753_.jpeg,928c5e65de75c965b33380e876d4d919,1434675
images_1/068_8383955833700102279_864923_.jpeg,83a4cce8f072c0df63211609ea2d40c5,1344277
images_1/069_8463912725400109374_287505_.jpg,9ef205816d696e3b212fa7d598bbaa05,1261236
images_1/069_8463912725400109374_403757_.jpg,ad22cada5acb64c832a318d1b7e0b1d2,1416534
images_1/070_7900913064100107094_196147_.jpeg,c9161c31cd20bfdb796709f8c97b8055,2575274
images_1/070_7900913064100107094_359558_.jpeg,b8f2b63bb8e59ffa9b8eff5e87d6ce23,947231
images_1/071_7865608032400109179_845675_.jpg,778a5519507f233df7a64032a843be78,1955264
images_1/071_7865608032400109179_975234_.jpg,c66c1bbd12d093b904e15dffe56d016e,1715212
images_1/072_7975918105600103136_630539_.jpg,6e45bb63ecde476e4665c07739d240ac,2541502
images_1/072_7975918105600103136_707770_.jpg,1896e29c328c732578e16452850042ac,2559216
images_1/073_8202747823600107513_243164_.jpeg,61a122a92ce36a8edbcb88d3fe5022e7,3065968
images_1/073_8202747823600107513_627975_.jpeg,0f4dfb71f8bde0558e25352b6c688759,2746348
images_1/076_8307240014600101192_254775_.jpg,1144cd2d431db4d47e994d6f537d27d5,2324975
images_1/076_8307240014600101192_963387_.jpg,234c3975ce4ad28b8b7a2e46cf0ea3ed,2410010
images_1/077_8471352424100105712_681398_.jpg,f0520af12c17c5d2cbbca4f92e848cb2,1071450
images_1/077_8471352424100105712_915221_.jpg,93085720fbe64e1cb1d98cc91c5621fe,1164703
images_1/078_8081116115300105409_500423_.jpg,95fdf29a716309b85c6ee2aaedcc3639,1584505
images_1/078_8081116115300105409_505808_.jpg,9c314371d22ef3582e1f530042e2aec1,1238935
images_1/079_8453207363300106576_706349_.jpeg,d57748627c6fc99b8c4841f161ac2f31,3308393
images_1/079_8453207363300106576_867836_.jpeg,477a8fc8aabeccdb4c5d9e7f86195376,1947321
images_1/080_7848685203500101846_104669_.jpeg,ee8447d62d19933b1a23c776d5604c10,3315789
images_1/080_7848685203500101846_652460_.jpeg,da5474b294d038db10fde7be396e933b,3436995
images_1/081_8480685744100102558_244113_.jpeg,c863eccab99d6b302f7ff34a49350a74,188398
images_1/081_8480685744100102558_519695_.jpeg,413327b196d3dd4cc82d85dce179bda3,171338
images_1/082_7840484330900100638_134627_.jpeg,693b3219f98e7a96465aaf1baddf8a0f,2255135
images_1/082_7840484330900100638_543269_.jpeg,38a2f9dd3867220ae9377b8187e3d379,2259881
images_1/083_7842633442400107625_141706_.jpg,25eb560cd82f96aff247f0bc9c187cc7,3060292
images_1/083_7842633442400107625_757959_.jpg,ae5a6c9526676ac379f768be6324f598,2711090
images_1/084_8487067451500106327_108848_.jpg,fe42a3ba0048d28941184878f1d58bb0,2737610
images_1/084_8487067451500106327_708905_.jpg,2587da3c8f47224d6053c91dff5152de,2371448
images_1/085_7833305503600105727_349111_.jpg,4fb2792857ff8a31830a4d11d1e21cb5,2518905
images_1/085_7833305503600105727_736617_.jpg,97a44a234d22bbab9904c4647c075c7b,1996087
images_1/086_8279754976000107270_272813_.jpg,747447c264b61cab3376a3e791d85615,4259592
images_1/086_8279754976000107270_285379_.jpg,b4fa5f41977cbb1420e88dc0d05d358e,3608583
images_1/087_8489701670500102567_754626_.jpeg,297ecbb9e3eaceece4d7734258e7abf3,112550
images_1/087_8489701670500102567_865757_.jpeg,923b82df7c21229aed2f9bd6193e5a60,133409
images_1/088_8316886534600105574_135460_.jpg,8ee14c893cdb578d70ffcff2d257e907,1729386
images_1/088_8316886534600105574_599223_.jpg,d4b78d05411c37767ee3fba5e1b44dd7,1428585
images_1/089_8221447720600107387_176891_.jpg,3e0f86d033f7a823d49eefb0609e8f90,130534
images_1/089_8221447720600107387_236068_.jpg,efa6cac2b22c251c1c8e1cac33ce70fc,120238
images_1/090_7833210232800104733_158518_.jpg,a1a395eaed97366237ab896b1071f4b6,2179962
images_1/090_7833210232800104733_794577_.jpg,215eca6ac81b1e245cdbde1903847b6e,2240805
images_1/091_7929869214700103267_293109_.jpg,617b712b33dd1e3c3f6dd9e2c9e6dc95,653559
images_1/091_7929869214700103267_809080_.jpg,f93cc6f1b3d47e3425452a0583348161,2252241
images_1/093_8086803487600103037_547788_.jpg,2061dbfce5dfab89c03996a292ecf3e8,1936241
images_1/093_8086803487600103037_629230_.jpg,deb223d777effdc31d739cae48178d55,2269897
images_1/096_7841977076100101575_453632_.jpg,208ede36096e00b33a5aa32496e62187,1923044
images_1/096_7841977076100101575_691370_.jpg,5abc30a0356ae79505d93dbbab205fc1,1685518
images_1/097_7837128188500105093_520024_.jpeg,a0791654f8fa903212216ffc6842f738,161388
images_1/097_7837128188500105093_793179_.jpeg,23772bc3ac173ea830e597077ee97f03,68398
images_1/099_8511374247800106556_277354_.png,0aa297bc937f3e09e4a157477f4b8d50,1471996
images_1/099_8511374247800106556_608065_.png,332f84188d74925de2f4d46303d46f24,1760784
images_1/1003_7893734015900105573_237009_.jpg,51cad79b6d4e9cfcb73f73741b93e99a,1552253
images_1/1003_7893734015900105573_831985_.jpg,b5f934854a06a592eb0e232e7006dca4,1828148
images_1/1007_7834832432500109470_372367_.jpg,8d2c02f818adbfb7db230f89d59b331e,3102987
images_1/1007_7834832432500109470_854351_.jpg,4722285cd5c3af9cb52290c9a2ded026,2228988
images_1/100_8494572909600107782_301183_.jpeg,c500095cc22597d922c1107f761db841,1714656
images_1/100_8494572909600107782_911733_.jpeg,ed221d1e9296149c6657993222231a09,1816337
images_1/1012_7832697140300108901_652714_.jpeg,9f9226341216db52703442bbe5b01c5f,1372089
images_1/1012_7832697140300108901_776421_.jpeg,4ac4571167f7d414dbd2655b2c157afa,1036473
images_1/1017_8468463616800107695_635604_.jpg,5b7a12edc27893c7708313114b3b9017,3600897
images_1/1017_8468463616800107695_861443_.jpg,642c3aa7c5cf9b4862fb9f74791e1c71,3485564
images_1/1018_7837182778800102363_692405_.jpg,e889222e3d2531043fcf9a5bacce3b90,2942856
images_1/1018_7837182778800102363_838888_.jpg,4c243d76204034c23aaf067b7ef61601,3839457
images_1/1019_8468989693100109037_149470_.jpg,23ef0119ad798482f95d0aeb4b40330f,2582476
images_1/1019_8468989693100109037_762745_.jpg,5b5823b87cabc5cddaa66f14f71ff7dd,3024475
images_1/101_7832701558400102240_212304_.jpg,e73cd0cbd23a759835b36a03f2d51376,3862507
images_1/101_7832701558400102240_913109_.jpg,c46f7c0233fa54360ef5bb285c42b54a,4961476
images_1/1021_7841205156800100055_749766_.jpeg,8fc8354efc13e5fde490711b11ee3448,2303951
images_1/1021_7841205156800100055_870694_.jpeg,c8a6f31d5723a04c4924c53432f94ee7,2191393
images_1/1024_8335108719500105094_480989_.jpeg,5c0502698e75e9d59198d93ad6403a6f,133735
images_1/1024_8335108719500105094_968895_.jpeg,07ca1ac82cb921b7a37e44d99216b844,117241
images_1/1028_8476172953600101522_286305_.jpeg,8e990f70738219efa11d7f16c8eaccd4,2897178
images_1/1028_8476172953600101522_705171_.jpeg,73c2d228cc842a76e79ad7047bd9e9be,3113327
images_1/1035_8482029849500108499_333742_.jpg,d7c84fee4a32d4d03318b5b36d238bb2,302663
images_1/1035_8482029849500108499_523500_.jpg,9111c33de5de9f6c5c8e4e6c0c1b3929,458809
images_1/1038_8495569283200109913_293991_.jpg,f0ce62a70d5692624c3c41439d3a6311,126181
images_1/1038_8495569283200109913_347552_.jpg,a21a8d5d782abf4fa15c4264c3b81a30,134397
images_1/1045_8497745241200105164_182590_.jpeg,90028265dd253273ba81442d681afad3,2558969
images_1/1045_8497745241200105164_479952_.jpeg,3237741b6348a97d38e540017ec25c4b,2728141
images_1/1046_7837877036900107223_381896_.jpg,539400f881e3e93cbd4b8595c31ac697,3356812
images_1/1046_7837877036900107223_908454_.jpg,700b506a8fe9d090c58b6854792a1901,3350302
images_1/105_7893966768400108671_411840_.jpg,af46256ab0e4b702cdfbcb4919c1f206,2819731
images_1/105_7893966768400108671_963861_.jpg,47c662e63eea722a76b3866a4178a506,2859448
images_1/1065_8193428901900101374_651965_.jpg,9c9f71edeeb96edb8e795cbd4c89fdea,4174337
images_1/1065_8193428901900101374_965817_.jpg,3945ef39904f24a0c5b7522127ac4ee1,4908490
images_1/1069_8324232319000102352_464208_.jpeg,6d0ee859ea89d94707f337104feae2ba,2602954
images_1/1069_8324232319000102352_674152_.jpeg,ce817c1dedbfb0beab6415a4955e20d4,2787378
images_1/1070_8305738804600106892_660801_.jpeg,c9dca2e87beae166d0edb5594a1a575a,2717522
images_1/1070_8305738804600106892_899129_.jpeg,b499c230f943221a41f308eeedfe0c22,2521773
images_1/1075_7890159203300102616_667370_.jpeg,dfd34d851f1f2c8a3182d3ec7600660e,14710
images_1/1075_7890159203300102616_828838_.jpeg,64dccb5254c0a2e63d9b5923a31a2853,22709
images_1/1076_8317714510800106664_356021_.jpg,f671626fdcbd2956bb19a12326a7cd72,2359862
images_1/1076_8317714510800106664_734128_.jpg,4b19ecc532ebc430a7660f80986c452e,1722570
images_1/1077_7865829654500108945_184884_.jpg,5a86775bafce89f7417f50fc9133d346,2789317
images_1/1077_7865829654500108945_704334_.jpg,881e5ac3d5918d51b21f198ef748820f,3022093
images_1/107_7985648780100104597_545961_.jpg,9633d1947d98b07a7f46629f25276962,2550946
images_1/107_7985648780100104597_842713_.jpg,25cba22f9b40104951416fb3173f5042,2454629
images_1/1082_8472736595700109102_783678_.jpg,138102bc4d1b5f521793f6419c3eb451,378004
images_1/1082_8472736595700109102_870221_.jpg,7e28e601d08da5dc596fe45e0a51cb2b,423727
images_1/1085_7839666543000100238_796595_.jpg,baccd75270b2cb7f42ec2fb88b2fa52b,2379382
images_1/1085_7839666543000100238_956981_.jpg,a372a3f1c2f7ca37f4e4b899c0360388,2448488
images_1/1087_7834016151000100233_182724_.jpeg,d104d5f39d78ea70c50dcdc90b47bd6a,2025263
images_1/1087_7834016151000100233_667977_.jpeg,db0ca5618e07b633c8afcb9083160363,1864111
images_1/1088_7893120118200104575_421425_.jpeg,7ecef6eaab8b126531a9fcfc8206f369,2979186
images_1/1088_7893120118200104575_482295_.jpeg,6e8dfd2ceff3d57257035b9850ffd20d,2633957
images_1/108_7833229527700101569_387240_.jpg,492f889b7ebc7236cf034913ddc176bc,2473937
images_1/108_7833229527700101569_807759_.jpg,70c774bfe2f133d3fea3a89fd4d1dce9,2574379
images_1/110_7832968351800101363_259069_.jpg,dd61364cd459758eaf2579f1c7e63528,2534827
images_1/110_7832968351800101363_395873_.jpg,2c43565c60fb67d83895ce26b612e033,2878387
images_1/1112_8517132106500101244_217581_.jpeg,16de67b7b7cd2832146c0c15a61ef9e6,369747
images_1/1112_8517132106500101244_235163_.jpeg,1c2d7f0770bd20c5b377567f54a9a9bf,241711
images_1/1119_7832688885300102388_229733_.png,154df829624d2925b12bea2041be5547,194317
images_1/1119_7832688885300102388_847481_.png,ad5768f76ad61e5b1a9f897de0d357d9,169215
images_1/111_7833456185700101337_327769_.jpg,af3b562f50a1df14a2c341e1a44b13cc,33145
images_1/111_7833456185700101337_919866_.jpg,187349fc141085dd9f74085a5f0dbf5d,45608
images_1/1124_7838935450100105070_466475_.jpg,a612897bdab7525926d7de9efb4a6956,2631241
images_1/1124_7838935450100105070_946889_.jpg,b401c374976a1b6c09f12ba457d35afd,2324674
images_1/1125_7833433016700104791_233783_.jpg,0f5b0cc130238d776fa447b0ea9c761b,2823951
images_1/1125_7833433016700104791_408216_.jpg,af819628a302882098fbcca2ee7260f9,2381633
images_1/1127_8201110923400105961_127956_.jpg,322be3687d3e904d3ece47184a30d075,2543914
images_1/1127_8201110923400105961_591117_.jpg,6647a84b826219d85468b94f4826b7d4,2556789
images_1/1129_7848685203500101846_555070_.jpeg,ee8447d62d19933b1a23c776d5604c10,3315789
images_1/1129_7848685203500101846_671823_.jpeg,da5474b294d038db10fde7be396e933b,3436995
images_1/112_7832704276000104224_389500_.jpg,4f8e60a56abf5d23b388895572da46e0,3544571
images_1/112_7832704276000104224_887398_.jpg,b85a107f9e2c401171f0c64952cb416e,3365967
images_1/1135_8489082552500101204_435428_.jpg,b4c66294b972553fc63612aafeee78f5,1909343
images_1/1135_8489082552500101204_774570_.jpg,9d6acef4d1d28cd306335223546edf82,1921928
images_1/1136_8515373100900104780_440581_.jpg,b828c7d6f0abff6b4d20b932e38c8e84,1568763
images_1/1136_8515373100900104780_516048_.jpg,860f318f3a5be22b819515e5035bef11,1486106
images_1/1137_8459269682100108756_154423_.jpeg,03fc8685447a9aff8c4114b52cd22df5,183019
images_1/1137_8459269682100108756_572224_.jpeg,c829403995d9b3417a90318c8df2ed64,203311
images_1/1141_8461675413800105943_141973_.jpg,4e50fe863bb992233490355e2c297115,4826515
images_1/1141_8461675413800105943_930167_.jpg,481086369177e1589165bca7f9ab5a44,4994889
images_1/1148_7987117760000100588_225438_.jpg,c5b8c117409263e417a4f26a63c9f3ce,2682716
images_1/1148_7987117760000100588_335672_.jpg,be6388bfcdd29b68bc8a67272a3bc716,2693376
images_1/1151_7836660737800109465_238607_.jpg,e84e0e9dceccc4b04e1872e9ee2c802b,2157422
images_1/1151_7836660737800109465_524198_.jpg,facbfbc4d397721133841998b2c1d7c3,1050046
images_1/1156_8020964405400108729_155641_.jpg,702e601ccbc56c6389f7d642ecc62344,2860440
images_1/1156_8020964405400108729_433459_.jpg,becead890184d8c5ab5c2a42de5b26f0,3042661
images_1/1159_8131707129000104281_134664_.jpg,fb1e3f37130406e606a070dffee8cdf9,2353380
images_1/1159_8131707129000104281_442349_.jpg,99f7fc657f16a80f4d0fb5908e4fd191,2796210
images_1/1160_7956733399400101412_637377_.jpg,e5b0c304509286803a3ce7ac6d3abd0c,3177981
images_1/1160_7956733399400101412_709513_.jpg,35149d1cbc7bd2708c5af29f5af2c779,2775327
images_1/1162_7833418708600100405_188364_.jpeg,21e32c5f0e165f84279bfef4c33b3362,2813041
images_1/1162_7833418708600100405_278674_.jpeg,874bb57e523c92c58196657bbb483fac,2568198
images_1/1163_8453335833200109420_246061_.jpg,6ad79c159315649f3721d010c3e4023a,2582201
images_1/1163_8453335833200109420_320329_.jpg,4b10504b45c580f2dbfb330bfadc729e,2776909
images_1/1165_7968460802000105060_503938_.jpeg,96cf9f4ec9f4c7b07a6d5950d348d064,55890
images_1/1165_7968460802000105060_759721_.jpeg,8e7dd4d1b3321afbe666a63b35aeba7b,18856
images_1/116_7881930462500100885_175360_.png,00f0e0d7003def7376056d6dfe05354d,2226920
images_1/116_7881930462500100885_351341_.png,dac864945461bcd3d94ea3f96cd64c1e,1522737
images_1/1170_7836890068200106267_208362_.jpeg,7fb286551f47d01ba259219d8f840180,954688
images_1/1170_7836890068200106267_911023_.jpeg,e0638fa9ac54751896d2b87089e2a105,864655
images_1/1175_7851646000700103810_329560_.jpeg,b22300ffb01993e390e9ce08f8d59930,99273
images_1/1175_7851646000700103810_694089_.jpeg,8e6479f4849d9f6b651a1c95fff1e3aa,98504
images_1/1176_7850496655500100233_152360_.jpg,c84d74c65b32ea4a3a3eaef62feaf18a,4208886
images_1/1176_7850496655500100233_868035_.jpg,985bc2631f5d96ede42a241bfc5bd722,3424543
images_1/1179_7833103902400100652_100941_.jpg,bba50849dad90faf99e4dc5b9ece09e7,6986007
images_1/1179_7833103902400100652_874714_.jpg,df7c522cd0ef7d7f6a434576fb0ee74f,5888485
images_1/1180_7832958924800105008_874631_.jpg,c13c7c92349f13ad311817f149f37b7e,2782016
images_1/1180_7832958924800105008_881678_.jpg,bbc304126a9d9cfd733fa04b06cedefd,2925287
images_1/1184_7834946662700105111_972905_.jpg,adb2a7f91988bf777080d1f1a883104a,2515824
images_1/1184_7834946662700105111_990847_.jpg,5ba1f2c111e280ce1bad84a6b1ba06a5,2471876
images_1/1186_7833238911000105054_278407_.jpeg,08ec570924d48bcff8d83b6d21fc5ef1,301490
images_1/1186_7833238911000105054_633348_.jpeg,b3e1177be023b7142eb1a8c30d3eaa40,246127
images_1/118_7833684490000103513_297082_.jpg,236533814ae03e497d5ff93e42a03d5c,2909257
images_1/118_7833684490000103513_400326_.jpg,ae269699ca557c672364fd01f9e5d04e,3073881
images_1/1196_7832655620600103727_752850_.jpg,8723fcb443d46ceccadb94320722d61f,1719087
images_1/1196_7832655620600103727_858902_.jpg,d51d2d7e3bc1553f7ae61281bb22dd1c,1782340
images_1/119_8382900421000100602_289080_.png,d3fac0f7d21a4440e53ca60389ca1eba,50307
images_1/119_8382900421000100602_305932_.png,046ff2978308018efe79aac002e02e56,66366
images_1/1200_7833551164000109783_478169_.jpg,d4ac4b8518ca96c93833e41e3ae5cfe3,2880622
images_1/1200_7833551164000109783_952962_.jpg,62756e2d8023e1769b76ea0ead520374,2975847
images_1/1208_7841444709100107277_174719_.jpeg,86a1cb2408acecccca7b13da15e4ee27,3203119
images_1/1208_7841444709100107277_289748_.jpeg,0e2ce9055b52445e5504b53872691f2b,3112871
images_1/120_7915926640400108440_522505_.jpg,18563e2acaabb8076aa7c6a7682ccf01,732536
images_1/120_7915926640400108440_643448_.jpg,dbe4e8342775d28958ef71b952a21d1c,693902
images_1/1211_7833297962200102966_187608_.jpg,6353a55852fea080aaadc992c54dd236,85223
images_1/1211_7833297962200102966_470639_.jpg,46e7fc617f67330ec4bb82deca127a78,75433
images_1/1214_7877419145600108855_602679_.jpg,a117b4abd28431534495efcfccded8ae,2001063
images_1/1214_7877419145600108855_712394_.jpg,2893ea16ae83f07dd7fa64238a3f48fe,2127570
images_1/121_7832987259500102845_573917_.jpg,7a1b341f208ee496d65111f90e3870ad,2870644
images_1/121_7832987259500102845_788880_.jpg,06bbaf8c434a39395e784fd6cacd9c99,2570098
images_1/1222_7834496788100101207_146822_.jpeg,11568abce9f23489c66470a2c9b5a448,511796
images_1/1222_7834496788100101207_742561_.jpeg,18a308cefd94a17b1dffab38a92045d8,469274
images_1/1223_8178115433500101012_733687_.jpg,46478407877214e456585a9615cf21c7,2741758
images_1/1223_8178115433500101012_871658_.jpg,8c3547d417b1fa203bac356272cbb77e,2953600
images_1/122_8391288696600101450_264131_.jpg,dda6e60bef3a19f68d07f4aefdea7989,437537
images_1/122_8391288696600101450_512341_.jpg,3844e6f521bfb4024a34144b4f9bd932,507548
images_1/1233_8500363841500108533_339137_.jpg,c0f4dbb1dd5259102c74748ac3be835f,2277687
images_1/1233_8500363841500108533_707001_.jpg,ea5b50aead8be9502e1cb85813439b4d,2087417
images_1/1236_8506823161800109063_475860_.jpg,fb4cf873a3b4534dcd5179019ff02489,3462534
images_1/1236_8506823161800109063_608113_.jpg,365e2ba1d522189bbff1d821eac05607,3205861
images_1/1246_8457968644500104622_400577_.jpg,d300509f21e0ab5797bef89de9245823,2013502
images_1/1246_8457968644500104622_552151_.jpg,0a1a649007b74f5dba737a1cddcd00e8,2985475
images_1/1247_7832942022100102510_581234_.jpeg,7c4cd081512dd2f30a9967b33d2d0f5c,411297
images_1/1247_7832942022100102510_971945_.jpeg,c95411098c0622cc46dd70de02a54624,371349
images_1/124_8507319670800100773_112967_.jpg,5cd7c613261f5308da1ab0d632b1457d,1832747
images_1/124_8507319670800100773_339958_.jpg,fc59117c6501eb6d966703994f2c8e40,1791792
images_1/1254_8390980788500100754_529161_.jpg,74c5038d591db7bc0d722aac08c82781,2908612
images_1/1254_8390980788500100754_578839_.jpg,0b3f7f5a6338e8fc0217a6a225c3d445,3053074
images_1/1256_8455233817100108817_121579_.jpg,6965b75e7320bf29aeae8cf7528bc1a8,2410042
images_1/1256_8455233817100108817_304221_.jpg,e48e1264e8c3e7b2c7f77cf5c8e7759a,2325007
images_1/125_7834077519300109165_239189_.jpg,45a5ead6209e61ce1819f78f5fbbbb76,3077769
images_1/125_7834077519300109165_797542_.jpg,41b80247d57a93407bf4d6c65b34398e,2801636
images_1/1265_7841325722000108910_515185_.jpeg,bc8167ad15165a4d44bedf3e589ac11f,2694216
images_1/1265_7841325722000108910_549795_.jpeg,aa746804cbe59dc3af0be10a94768f6e,2647727
images_1/1281_7839634438800104972_275430_.jpeg,d71fcfa977f75df10ccc601f7c53bb8d,2831169
images_1/1281_7839634438800104972_692714_.jpeg,8d442d6134a04d009e3568bf5577c4e1,2997669
images_1/128_7987168603400106853_419798_.jpg,f6ebb30aecaf1b24d29626e3542ec999,2327698
images_1/128_7987168603400106853_595631_.jpg,96e472a423e8d57f085f726eaefda099,2503462
images_1/1296_8457714445500104274_290702_.jpg,f514ae9d9c0a4255a70ab38db82165d9,3283365
images_1/1296_8457714445500104274_821989_.jpg,46ae4d84d639dd567ec129239bb956c0,3648851
images_1/1299_7875037414500106211_325419_.jpeg,8fdd9b075631c126218f1e5e7918fa9d,2109309
images_1/1299_7875037414500106211_651686_.jpeg,8b944b4cbaf0bcaa46c187f44f817e55,1659695
images_1/129_8497575411500104852_916400_.jpeg,aa96cd8db39d356f9601cc7c03ec95aa,163035
images_1/129_8497575411500104852_936364_.jpeg,6cdccfeb4662828a51ff63f4291f4bce,208572
images_1/1300_8522056047900101175_481618_.jpeg,78fd70063a1f546c1c3223bb4e4e396f,1841888
images_1/1300_8522056047900101175_686338_.jpeg,7f30c3f5c43e34b77f0f9ed96377db1b,1669343
images_1/1304_8083605405800103322_148526_.jpg,6b218bc556727e04be2936ac64d13e52,2589969
images_1/1304_8083605405800103322_932142_.jpg,5ce5fbe9ec8fc5818f0e2d3fa5c6f1e3,2739477
images_1/1307_7869403593200104738_194967_.jpeg,79f639b777e9de1d9317b06cc47571e2,2717713
images_1/1307_7869403593200104738_240626_.jpeg,cf21ce3dc5f7a3f9db0f64fd8d6279ed,2919241
images_1/1308_7834120009900103018_105654_.jpeg,f75a2f58bfdba8731b7dc0c62a32d7cc,2753631
images_1/1308_7834120009900103018_334832_.jpeg,44edb68e70dc4b826518a4de4caca8b9,2867797
images_1/130_8462597168700102035_525704_.jpg,39959e3dd044ff05fb1d542bd072c3ec,437164
images_1/130_8462597168700102035_682219_.jpg,ab6abe32c4dfe39d7858f841b182e67a,1143276
images_1/1320_8092478634100109257_585096_.jpeg,1835355aafb455de554b21840897f4d6,1550114
images_1/1320_8092478634100109257_946965_.jpeg,78456e386ef4890d0cc3d2e6cf27149b,1603176
images_1/1324_8083898697700106915_409734_.jpg,b15f114d65f08e5431a8aeddeb5d66ed,3051461
images_1/1324_8083898697700106915_952751_.jpg,98cac42a9d351c2e2c3860e50a0c72f1,2828908
images_1/132_8454263113800104628_251119_.png,a1cefae5ceb2e5daf4b3bf252a0a1cb6,2587976
images_1/132_8454263113800104628_858637_.png,9e8e6e97b8df3d017edfcc7a9196436c,2669036
images_1/1331_8384837145200103411_258413_.jpg,14d540b75f050a45ba653b83e3508910,2219516
images_1/1331_8384837145200103411_302560_.jpg,6249d85ec258d1cecfcc2e480d29105f,2287951
images_1/1333_8081897673500108293_108725_.jpeg,0e0a3c957418b54cef0839e131f1b922,2143482
images_1/1333_8081897673500108293_855415_.jpeg,774d8fa6b0819df11aa0377fe5921c93,2138327
images_1/133_8084574977600102914_122115_.jpg,552634803474e68a767c5b26cbd9f46b,879379
images_1/133_8084574977600102914_439366_.jpg,39164c2802baa8eabf20fa794c1c6d55,1259824
images_1/134_8157369189000100597_146825_.jpg,c73a09edea76f3a8c35ee7fc665f31f0,2985664
images_1/134_8157369189000100597_919944_.jpg,1edbf5a3da7873b4208d048340422b7c,2969874
images_1/1352_7937220868400102914_366210_.jpg,19749674ca2ce438b3fbadaff555663f,4104192
images_1/1352_7937220868400102914_973168_.jpg,21417c292ce538371ef0a83bcd670171,4392792
images_1/1353_7836238457900105218_312540_.jpg,d26708647af332c1735173d8c2282cdc,3509302
images_1/1353_7836238457900105218_920346_.jpg,5829a21e01095c6f6af25658461256f6,3442088
images_1/1355_7848197058200100031_556027_.jpg,3fc70ceea88690fca87c8f3b630e24e1,3459873
images_1/1355_7848197058200100031_831917_.jpg,8c2c0d19e0e7d36f625dc82a80486db4,3140809
images_1/1358_7848986602900103837_248831_.jpg,b1d8b747b74dc5866b8d36c25a1b5ae7,2806381
images_1/1358_7848986602900103837_845154_.jpg,197d4eaa5cf865edcfe8d202b4802197,2207180
images_1/135_8083197141700108322_435481_.jpg,1326cff70f6c8dd2e0a560a1855c70d8,640253
images_1/135_8083197141700108322_970221_.jpg,8abcd9e19f1dd5057761125d6c64cc2f,407308
images_1/1360_7847373613800105630_463474_.jpeg,faea65de95b24dc2ae908dd13ab2ba47,2062355
images_1/1360_7847373613800105630_914273_.jpeg,3ea3bde6db75c68d9437ffa20f8f01e9,1864230
images_1/136_7840243544700106328_775891_.png,6bf33d4f8b874cbd130025064ad886c8,2935056
images_1/136_7840243544700106328_928613_.png,b8eb6ab1b57653f86118527e441ee811,2975161
images_1/1375_7939710088600102487_676436_.jpg,75f3a18c567e7ed868fcc903bb935f8d,184028
images_1/1375_7939710088600102487_815401_.jpg,10171e11a2a790b43606c602bd9e0e53,158385
images_1/1379_8272724231800104554_245144_.jpeg,9188bc6a23a58cfcfc5d8d531c43d6f3,1050747
images_1/1379_8272724231800104554_491824_.jpeg,840e5bea3f3fea6815cc40b47c40dd3c,1250007
images_1/1383_8454625448100109787_177956_.jpg,208496a318c6075a18c7ad4e254fc032,2387005
images_1/1383_8454625448100109787_566515_.jpg,e052f5278bdeec04e112a897caca4f50,2300870
images_1/138_8459065713600107678_606554_.jpg,ca7ce542e79ba0defe8d0c286583d974,1867646
images_1/138_8459065713600107678_966362_.jpg,7da08b1729476fa02c10ea62bbfca917,1959370
images_1/1391_8350676039300100719_568302_.jpeg,0fd0df78f2a080a45e2b76f1230e795c,1738021
images_1/1391_8350676039300100719_712418_.jpeg,fdf87c193ba485d39ca88e033e28d61e,1781043
images_1/1396_8481498975500106983_379523_.jpeg,56ca5bc07d96f64f53b6a776d3318a15,256866
images_1/1396_8481498975500106983_995217_.jpeg,0e11bb64a694af07220580174236bfce,275511
images_1/1402_7975918341300103177_108267_.jpeg,f536f2c82e54bb55bddb768eea1b94a8,1604650
images_1/1402_7975918341300103177_117040_.jpeg,6f840aba1d5b942ae33703c272dcc53e,362153
images_1/140_8515237523000102519_607702_.jpg,f63964360761ec6b2b0ccba742832237,3288140
images_1/140_8515237523000102519_869144_.jpg,bc9fc97616bbce3b3ec792a4b670e310,3233461
images_1/1414_8508387658300102975_305756_.jpg,e3db291f041783695a0f09b81ac3884d,2349805
images_1/1414_8508387658300102975_523975_.jpg,0afa63381f9528afe68c2fbd106d3124,2307065
images_1/1419_8507213875000100431_238979_.jpeg,90f6b82422e24f77d4957a2cba486d7a,4335988
images_1/1419_8507213875000100431_274259_.jpeg,4c308d22815412f9ff30ead34fa99c95,4092686
images_1/141_8488577703100100127_581174_.jpg,7a259e10f55186152b90f2c48cccad54,32478
images_1/141_8488577703100100127_834996_.jpg,2bdb2762b61968d1e8708d502cc2b95b,51692
images_1/1429_7910345310700105201_284776_.jpeg,2d933a364bb349c071a2f50b71e1881c,996894
images_1/1429_7910345310700105201_627801_.jpeg,b82ddd91abcfbb742be7b4b27976602a,799439
images_1/143_7882137921400105850_741009_.jpg,8b5cbb703e00c6e0313bd973ed316c6c,51641
images_1/143_7882137921400105850_827494_.jpg,406e4c4f6784b9dd40f67f1623801c56,22777
images_1/1452_8312763116600107390_398182_.jpg,b46f7cb3d919c73565dcf0668f33d538,1817924
images_1/1452_8312763116600107390_534600_.jpg,fcfe97c2eb4ee3e493658fe980ca9afc,1840004
images_1/145_7832956036500102880_409800_.jpg,8dcb74661cfc58557deedfa135d6d7f2,2180192
images_1/145_7832956036500102880_700334_.jpg,d766462e17858e6f5448237f04f24f2f,2271497
images_1/147_8259528047100100913_432091_.jpeg,a8704e87a68512c9f64a9f8f89e60936,512758
images_1/147_8259528047100100913_928632_.jpeg,e39a9dcc43bc4a595afe8bf7b6823918,592452
images_1/1480_7834051319300102190_723850_.jpg,6edd8357517951eccf6d926345610c31,1539051
images_1/1480_7834051319300102190_782403_.jpg,837a10e4b8bbc4b9da1f52cfca0702e0,1550410
images_1/1501_7929869214700103267_243352_.jpg,617b712b33dd1e3c3f6dd9e2c9e6dc95,653559
images_1/1501_7929869214700103267_702975_.jpg,f93cc6f1b3d47e3425452a0583348161,2252241
images_1/1504_8386002104700105303_492471_.jpg,e63cbba63d23781a2027150f1baba18a,161425
images_1/1504_8386002104700105303_773296_.jpg,ddc3c4b0be79d1c6b550d5027465f52f,146012
images_1/1506_8387685876700107838_442022_.jpg,3b8972ecf511bb789d76280adda619f8,997427
images_1/1506_8387685876700107838_806796_.jpg,e311e66c0ebacb6d161def5e0210db2a,896650
images_1/1518_8385324710800104066_503426_.jpg,4ef79f40691745608eaab15cd98e73ca,3550730
images_1/1518_8385324710800104066_733516_.jpg,de7672028d09658bc677110a2650e3d0,3662563
images_1/151_7833106306400101645_179638_.jpg,fd2da9268ef5ea9cb8ecfb434eeabf56,3805130
images_1/151_7833106306400101645_522675_.jpg,b9ec51414270410a5acad0f6d3cc8a97,2580775
images_1/1533_7833359023400103297_516918_.jpeg,b520744182be65eac72c085c84ec9064,2016407
images_1/1533_7833359023400103297_720896_.jpeg,b9d394d85dd50f81cc5ffe10fc089beb,2046830
images_1/1544_7838438598000100125_192625_.jpg,3b587fc60fa8c2728bda337ef57b7a92,1987203
images_1/1544_7838438598000100125_369421_.jpg,8f7f0336f4134960d5b723afbeef76a4,1870469
images_1/1546_7837401738900104320_655451_.jpg,2a18e2d4fcc330a6ce1b0365e81b8a24,1037689
images_1/1546_7837401738900104320_690550_.jpg,fef6eb9451bbd21095b021fbae1fa0b5,653804
images_1/1549_7832949970400108583_161072_.jpg,1c67306f825d3bb71a37eb9cce99f71a,1788089
images_1/1549_7832949970400108583_865941_.jpg,57ba6a234511264f01a86c808a438328,1777706
images_1/1565_8461057081700101371_190512_.jpg,ddb3d382218a3b3abd47cbcd4a400821,325027
images_1/1565_8461057081700101371_536434_.jpg,e36e6d52e71da7479bddad9209a47b75,301030
images_1/156_8157859108700102149_276676_.jpeg,d53589f54a05b94aa13c277c42877cb7,1658526
images_1/156_8157859108700102149_951580_.jpeg,3e5d7710b98532b8535c9b7365b71d07,1698266
images_1/1572_8462597168700102035_372599_.jpg,39959e3dd044ff05fb1d542bd072c3ec,437164
images_1/1572_8462597168700102035_833793_.jpg,ab6abe32c4dfe39d7858f841b182e67a,1143276
images_1/1579_8464923328100103333_337504_.jpg,02f45be9c1614c1a162959049637aef9,4007182
images_1/1579_8464923328100103333_957288_.jpg,cd2dad81db387892b9675a6fa26ebd6e,3733043
images_1/157_8133763250900102909_351668_.jpg,d4046f3d5800eecd4144c3c74c15114a,1931454
images_1/157_8133763250900102909_723187_.jpg,947afe54a65ebf33d3f463b46287aa99,1570073
images_1/1581_7837836648800102792_295547_.jpg,3d62f2f8c50580f2c67affc673da97af,3132702
images_1/1581_7837836648800102792_312370_.jpg,f02fb3efeb27909b04cecd2a910ba24c,3244702
images_1/1588_8471187675800105341_356230_.jpg,b7a5c33e16e68931b91c95e7a19f5f9b,1520855
images_1/1588_8471187675800105341_492867_.jpg,e5dee37ba797f0327ea2e407638c69b5,1614646
images_1/1598_7837550345000105856_119825_.jpeg,2fde3b9ef90e077006d76cbd14262438,1457232
images_1/1598_7837550345000105856_658790_.jpeg,00cf7ac56d41080f40e8d8e99a5fce71,1531409
images_1/159_8081194035100107536_147644_.jpeg,8f3456085405757b611fd834069aa3c3,6407419
images_1/159_8081194035100107536_794970_.jpeg,9aa482e387d11ac3027d97c225da6351,6319853
images_1/160_8184530854800105306_189919_.jpg,3615da786238248a3ad113799b44eb82,4613651
images_1/160_8184530854800105306_324594_.jpg,6218c9207169b9e0bd955cffcd8c110e,6136011
images_1/1617_8507302011400100740_132720_.jpg,517a78b3a27958eaec095bc8e4d57d36,3152379
images_1/1617_8507302011400100740_148797_.jpg,daae639fc371722acc8927891d88771d,2695923
images_1/1619_7852740725800103406_436096_.jpg,ecac4e60feca02c52aa7e32ab897b96e,1589697
images_1/1619_7852740725800103406_783870_.jpg,433fe918b6eb456762f7a3c9cbc46ff8,1538306
images_1/1622_7833066344300104179_845906_.jpeg,c6533641d970c81d1974b1002b6c30f0,1763672
images_1/1622_7833066344300104179_998380_.jpeg,653e93f4a7aeade252dd0f917535c8e5,2024924
images_1/1623_7838307025700104145_932863_.jpeg,a52a8694802d57097e915e0dd12851d6,2640105
images_1/1623_7838307025700104145_941036_.jpeg,7b5035abfd823219622c23161d561ca7,2557519
images_1/1629_7835644911600108720_801526_.jpeg,5cf741f49c02efbb8cd198b752cc30e4,2114454
images_1/1629_7835644911600108720_989482_.jpeg,adda11f0b4a63d1c1122808004912cd2,2033626
images_1/162_8331024501700100498_183851_.jpeg,81e59b4f738f685f7240c9efdeebc502,3581635
images_1/162_8331024501700100498_334880_.jpeg,0f5eacb2ed879556189fd5ed611e8645,3231309
images_1/1647_8272724231800104554_528684_.jpeg,9188bc6a23a58cfcfc5d8d531c43d6f3,1050747
images_1/1647_8272724231800104554_568569_.jpeg,840e5bea3f3fea6815cc40b47c40dd3c,1250007
images_1/1650_8090284750500102038_290263_.jpg,e780ea674bd9d4f8c6df935f0e2d379a,3074395
images_1/1650_8090284750500102038_462773_.jpg,be47700e7388959105f49abfcc0d6dbe,2999217
images_1/166_8390360794800109650_172026_.jpg,97c91da3abb1eac8a72e7350cedddee4,6314192
images_1/166_8390360794800109650_977116_.jpg,fd98b6191a0429a304ffa59dcf0f3612,5960344
images_1/1673_8452609482300102752_423031_.jpg,3f8a57c474e081b9e3eff94fd96b20e0,2478580
images_1/1673_8452609482300102752_554383_.jpg,847eb7f0b2b98f7d5749a08c3e9902be,2653193
images_1/1681_7832691503000104407_464713_.jpg,2cb7a7afa7f0395776366f7d71ce6cc1,4022546
images_1/1681_7832691503000104407_953200_.jpg,75cc73f2d574051cf1f7b9530f1fa0b9,2866628
images_1/1682_7836115429400108012_369648_.jpg,fa6bb16eeb34a65903255cfbf016f238,3467360
images_1/1682_7836115429400108012_542856_.jpg,af5ff9dc12ee7275d0253823b70dffbb,3760038
images_1/1687_8530965204900109176_434012_.jpeg,af8c2cf6a72bd7cfc2cb825261bc9899,3345022
images_1/1687_8530965204900109176_549436_.jpeg,9f42fad7141f5850d3f1599b576744f5,3568528
images_1/168_8506509570700107856_139340_.jpg,2bda89190d65f4c2ad8397e88ed6c204,2957105
images_1/168_8506509570700107856_838528_.jpg,e4b8fa6d48ec5410ae7df063b8dc562d,2922034
images_1/1707_7833134528200103643_252513_.jpeg,4e114342aa99bfe9422e0e3d62977bdd,1452395
images_1/1707_7833134528200103643_753989_.jpeg,15cd71ca08c06e832e71764b5d9b2aa3,1490452
images_1/170_7833391954300103048_627063_.jpg,e4279968b3c46bed000f600a58cec0a5,3075055
images_1/170_7833391954300103048_757464_.jpg,eb68fdb9404722db8c2eb197ef62449a,3352272
images_1/1718_7832752310400108771_160737_.jpg,1b5512844fa92b707ca7b8396715f2cd,2800330
images_1/1718_7832752310400108771_765219_.jpg,19b7586a8e1577a11fca9b3c3598092e,2644707
images_1/171_7837128188500105093_217888_.jpeg,a0791654f8fa903212216ffc6842f738,161388
images_1/171_7837128188500105093_275780_.jpeg,23772bc3ac173ea830e597077ee97f03,68398
images_1/172_7832668125700104475_522236_.jpeg,c8509a348b0bc0224065fa4256c70063,2301192
images_1/172_7832668125700104475_832896_.jpeg,aec5a7bb510d44f0144cc16399130f24,2255335
images_1/173_8547022242200109396_210798_.jpg,38dc08688202b101ef81f2944198fcc2,2090921
images_1/173_8547022242200109396_657156_.jpg,810a9ba11159d7422d189623abf9ad84,2207618
images_1/174_8547074248300109531_516582_.jpg,38dc08688202b101ef81f2944198fcc2,2090921
images_1/174_8547074248300109531_543217_.jpg,810a9ba11159d7422d189623abf9ad84,2207618
images_1/1759_8304605805000104451_446670_.jpeg,1208cbaa2fbc9f6116c0c61b00b202d6,1386925
images_1/1759_8304605805000104451_968365_.jpeg,a334be0460a668596885b9cbbd742d02,1569796
images_1/175_8374447041200100371_245179_.jpg,59f369f999be129d43de2a9aa43c8262,2156092
images_1/175_8374447041200100371_289564_.jpg,870ff7f8f4a5291675f932fee5f023a2,3938154
images_1/176_8506286988800107099_197964_.jpg,82eff31cc86f947d89a6a9786372bf4b,2655970
images_1/176_8506286988800107099_477929_.jpg,9e19e2943d56c344c91bfb632a1dbe86,2533775
images_1/1770_8461434292200104126_429136_.jpg,738d9216d754e2fae75e0cde25ba6b78,1363628
images_1/1770_8461434292200104126_501120_.jpg,ca0894612d1857ea00cd1b241a1ff130,2415880
images_1/1771_7841811743700104596_109978_.jpg,7947df789718de145d49904da62e6f53,2839217
images_1/1771_7841811743700104596_542478_.jpg,6a671841e06f12529310ce03f46262b0,2777937
images_1/1773_7960247996700102644_442201_.jpg,639c9029dc0f29cf5aa0191164a9d2f2,3159888
images_1/1773_7960247996700102644_536925_.jpg,ad6c2b790e5acb0fd6aae96bf10abe41,3684742
images_1/177_8136713936700104590_266669_.jpg,96d026f695b71fa70faa075406ea9ea3,54295
images_1/177_8136713936700104590_532064_.jpg,e2636fe583ebe82eecacaa7a9c8d686b,54954
images_1/1780_7833293488800101185_642064_.jpg,a0fbe7cccbaee6c4631e1757a3b48288,57173
images_1/1780_7833293488800101185_927326_.jpg,37ba301b7955eca8be97dd86c54966a5,133285
images_1/1781_8469850961500101866_464973_.jpg,07a98090b982812012a04d7198c21df2,2314944
images_1/1781_8469850961500101866_918979_.jpg,f91df5cd72505219ddd1a66d01a9108f,2459063
images_1/1785_8472616369400108832_768058_.jpg,171eebcae7118ec2ce629cd5bf7e1f0d,2845877
images_1/1785_8472616369400108832_842013_.jpg,2779b18f6e6de7c3e3cc9b975d8786a1,2665496
images_1/1790_8368384717300104770_455261_.jpeg,6c7cd4ac78dfeae3774bcb04250ba34a,291886
images_1/1790_8368384717300104770_510843_.jpeg,c9ea519c3feda67d7240fbcb4cb59f51,209431
images_1/1792_8480908139800104225_109793_.jpeg,501455bf0e164c3a9e7c376a169cc2ad,815391
images_1/1792_8480908139800104225_962237_.jpeg,7aa786e5266aca78651f36402bee0112,788546
images_1/1800_8486364645500104186_229621_.jpg,7e52646f4a3d73f801b06d6aed7bb2cb,2307515
images_1/1800_8486364645500104186_809146_.jpg,727864179a861f722955fe13644ce812,2296866
images_1/1801_8023378952900100381_277340_.jpg,d9af5c5bb81197a1825d5090131bf4e9,2122718
images_1/1801_8023378952900100381_984499_.jpg,dc24155bb8668957e16773943b44b668,2323217
images_1/1803_8069035035800100203_283715_.jpeg,6d977cd252857024e9277fecf9220f4a,1973705
images_1/1803_8069035035800100203_365060_.jpeg,4e488f9a4265bce52c5601e0881c5f3e,2317150
images_1/180_8556469341600100155_440629_.jpeg,7e31451936256014cdf00044073c8d9f,3550546
images_1/180_8556469341600100155_714821_.jpeg,df52af023e4bcc9480450e32d8456f41,2873462
images_1/1810_8391423463600102111_220493_.jpg,77fcc917afcbd01e4fbefac2ca12aa0a,2289477
images_1/1810_8391423463600102111_567625_.jpg,c3e8dbe1976b6150542a30e134532d41,2525740
images_1/1817_8265542172500107555_294880_.jpg,f492ad8b9849ebea56285c5f90b50860,3317160
images_1/1817_8265542172500107555_718958_.jpg,23b5a063318b8f5c13364e7a840d4fed,3373194
images_1/1818_7832949201800108004_383090_.jpg,0a943561bd40fb07c948acacb84eac38,1700956
images_1/1818_7832949201800108004_805342_.jpg,75535fdaef1e335b3c38e9e54dfff823,2202674
images_1/1838_8058166140500104861_122455_.jpeg,5dcd30a8f37af2492a6165a14e6d30b1,2404512
images_1/1838_8058166140500104861_971554_.jpeg,c4b40a7a4b25bb776c03e35a9d1a6caa,2292934
images_1/183_8092769727600101177_162860_.jpg,155378e021af9e6fd9e814f11a8ea5c6,3001399
images_1/183_8092769727600101177_847417_.jpg,79ab6684216910f542dc8a2762365459,3088663
images_1/1856_7836040907000103612_342125_.jpeg,bc188a920c07bbd24e8051e62381a753,1261757
images_1/1856_7836040907000103612_578492_.jpeg,203c72e849c1fba563c0c3604d201e27,1374345
images_1/1857_7942087432600103419_377116_.jpg,3fe991479a232b8b6821960e380fd702,3832691
images_1/1857_7942087432600103419_892397_.jpg,bcd37f78601d75f3dbd7c114644fd0eb,3315452
images_1/1862_7836667997600100310_208648_.jpg,7a27f10d2db960cb097734df7c4f28ac,895425
images_1/1862_7836667997600100310_983747_.jpg,f1f11811fdc3a83d88c51222ee28f7f4,955604
images_1/1868_8453250486500107537_120274_.jpg,478118ea408afa6fcb52a8e98b194aa3,4270502
images_1/1868_8453250486500107537_709287_.jpg,6f7f8fde5803817757cb259695157063,1982864
images_1/186_7833411080900108384_571049_.jpeg,ed0c0d1c4e222037bbb2dc1d733fc0c7,1679131
images_1/186_7833411080900108384_760187_.jpeg,f17ba2b6491ae78c9d60142b947784c9,1687916
images_1/187_7835981433600100647_376032_.jpeg,efe89f627abf9c2cce7fbd28338ece26,972796
images_1/187_7835981433600100647_814696_.jpeg,4c2d5439032230dd7c09aa22a7916432,1151994
images_1/188_7843099804900106580_514147_.jpg,4df00436fc558113960c7a5faf53b528,2306578
images_1/188_7843099804900106580_552590_.jpg,d206671aadefde8b44449c98d56e62c4,2300307
images_1/1902_7834924091200103999_190548_.jpg,4dc1419dc7b86e94e2a9452b98292f3d,4250196
images_1/1902_7834924091200103999_415440_.jpg,aea4fffe1a7ba9abde3bee033064e810,3875022
images_1/190_8386167290800105568_442101_.jpg,6cb5fcc75843d06a1e753e2140044253,3142749
images_1/190_8386167290800105568_543041_.jpg,b09de8b47428946e19b03392ed76f9dd,3336904
images_1/1923_8572825421800105171_505337_.jpg,276115714d025e36e1489cd14f4d4c55,77440
images_1/1923_8572825421800105171_733941_.jpg,3a96a234f0091134f79c127d15b427b9,75774
images_1/192_8377437698400105870_506189_.jpg,43144c568cf161757f861fdae8b1c781,2656651
images_1/192_8377437698400105870_674758_.jpg,7c393a81a13cca3e8b372d80ac71b48b,3651306
images_1/193_8390980788500100754_411499_.jpg,74c5038d591db7bc0d722aac08c82781,2908612
images_1/193_8390980788500100754_481308_.jpg,0b3f7f5a6338e8fc0217a6a225c3d445,3053074
images_1/196_7833741996900106267_301878_.jpeg,cab0b9dec1c172d01d7946a751cdfb1e,131243
images_1/196_7833741996900106267_474478_.jpeg,0e26ed9766aee8661bcdd02cff82a594,121104
images_1/198_7839433881100103288_631210_.jpg,a22ad4b9d288e28d0aa1cb2feff1f4b8,2131597
images_1/198_7839433881100103288_875905_.jpg,78abc03e9db7fae02f2dfcb8f9ecdd55,2628889
images_1/200_7833115749600105848_466591_.jpg,7e1c0867f8b90c8676067bab19c9fdf1,1773694
images_1/200_7833115749600105848_897294_.jpg,d0af5f4aa860fa45de0745d0eea8588d,1990821
images_1/203_8003042766500101308_222217_.jpg,d0c576a1fc53850d5c723a3ab2e35b7f,3163482
images_1/203_8003042766500101308_549929_.jpg,5b424d042c68f20ff4491ed7766b197a,900344
images_1/205_7833194549000108784_383175_.jpeg,6ecb00e7c2738b0116ded9fca0b98336,2179215
images_1/205_7833194549000108784_846276_.jpeg,3d22c6bccf3cbe099c7dc287ae9b69e3,2289000
images_1/206_7832583375400107885_273937_.jpg,1677ee4e88ff5f7ccfc78c31aa04b865,2464702
images_1/206_7832583375400107885_939905_.jpg,9d8c66df2128a683d6bb532d82ae90c3,2902683
images_1/207_8085207946600109362_161752_.jpg,56641c4e7b868adff53d2c0fad598bb5,1646177
images_1/207_8085207946600109362_286312_.jpg,76e9288097bb8df0f57a3ca0085570cb,1708602
images_1/208_7836340766800100834_159405_.jpg,9b8587c62c3a6a559f0f83f45e8ca7af,4228213
images_1/208_7836340766800100834_861568_.jpg,6c654131bd74f85be0177e7af6ff5135,4356386
images_1/209_8063711856900100216_469259_.jpg,0a40c5be62172be7e52475ecfff87894,1524098
images_1/209_8063711856900100216_855686_.jpg,b060daba2e72cba673ce4aa60b719ff9,1511862
images_1/211_8366812992600102033_252738_.jpeg,2a6e009ba67a30b8848084befe83c9bb,1573974
images_1/211_8366812992600102033_934172_.jpeg,a106f37aa36712cacb12e033428fdd21,1860687
images_1/212_7833328396300103746_150897_.jpg,5d9f651f4a2c03e9f36b89562de59eb5,2783442
images_1/212_7833328396300103746_998860_.jpg,0bb040e04473b490d4e53b97266ba9d0,2647685
images_1/213_8376987579200105011_325719_.jpg,0b42fd38d3d041b0cd809953895b540f,1093881
images_1/213_8376987579200105011_782232_.jpg,ac6d633871ad51d08a29fe94e3cb3ab2,497612
images_1/215_7841847189700100591_564226_.jpeg,3042c4729c95719fe9f550921ea1c507,1337461
images_1/215_7841847189700100591_596054_.jpeg,b77a2985b6b7d93de17318f6e9b09579,1543884
images_1/217_8132333564700109858_559326_.jpg,ce9ab29f3a194a2772a20253be8dc4e9,1938978
images_1/217_8132333564700109858_840227_.jpg,fbef63c6db4acf5ebbe1a22bf7e9903b,1405841
images_1/219_7837910806500100926_805925_.jpg,b38136c875401e2b3cea5632dc78ec35,2652778
images_1/219_7837910806500100926_871964_.jpg,4cc39782344489b2ae97f8fc8d06f095,2756041
images_1/220_8455095212000106836_151634_.jpg,180c43721d3f45f104cbdccf7bba2554,1840736
images_1/220_8455095212000106836_509180_.jpg,b0c9938ec3eda767669ea4c18637f70e,1721413
images_1/222_8184782825300105605_192771_.jpeg,04f948d1b554bdb601d3b2bee9a7f7b0,1289888
images_1/222_8184782825300105605_773812_.jpeg,32f6c3abb9df939157efd83043c90565,1482805
images_1/224_7836479532200101277_203404_.jpeg,8856688166a0b16fc50ffdb8bc219050,1950400
images_1/224_7836479532200101277_213309_.jpeg,5a56b8a032791ae32a9f86629bf9d7bc,2170623
images_1/225_7893956067100106291_363945_.jpeg,96be40b1c561cedfb3749eb13cfbac0c,3784653
images_1/225_7893956067100106291_441199_.jpeg,8bd745056b363dd355218dab6bba7caa,3778469
images_1/229_7834987027500107069_597744_.jpeg,a22e939e84288c6442f3099066817703,71929
images_1/229_7834987027500107069_795467_.jpeg,09bb10bf41491befefef27aeeec474e0,73959
images_1/231_8087229155100106915_268352_.jpeg,6ddf8389ecaeba88b90eca3870051405,2582286
images_1/231_8087229155100106915_738136_.jpeg,473d997ab5af47fc6b05b9316d2349e5,2040218
images_1/233_7832605349400105310_601185_.jpg,3f7f5ff1621317191aacd7e0c89416db,1648876
images_1/233_7832605349400105310_824362_.jpg,d2fc8dadb3200e50d75be17c4c0df4d7,1595290
images_1/234_7840579662200109867_704667_.jpg,186ee8bc039bb9dc3a497aa1df72595e,119617
images_1/234_7840579662200109867_774337_.jpg,7f420e9dc194f8321f887ef1ef783321,95570
images_1/235_7847991001500109247_723542_.jpg,6675faece20159feab66cc7cb7c9f91a,2846692
images_1/235_7847991001500109247_736398_.jpg,c2ef199dc0b102b88d504322c1af7257,2460584
images_1/236_7837420822900108524_126746_.jpeg,a7fae3509cd362dfcdd9e9fa18e6a006,2264478
images_1/236_7837420822900108524_131620_.jpeg,f184bb6b8715b492e61679dbd1bf4f52,2548377
images_1/239_7837378015200100705_464647_.jpg,3ff80d57b7cc40da913c920b1ce1d30a,2871715
images_1/239_7837378015200100705_704074_.jpg,6d7386a4828673f2c4a9e5018ea1b5ba,2822306
images_1/242_8377021886200105058_731385_.jpg,675f2a317411751af6e513d90daa898d,3019232
images_1/242_8377021886200105058_878805_.jpg,e4919742943b1235f28226f2b9f0190d,2175236
images_1/243_7987887182800100017_694343_.jpeg,077420c11bb92188572bc37da781b580,1100080
images_1/243_7987887182800100017_700170_.jpeg,d61709b1fad36416e810b75727188af8,1390582
images_1/248_8456782986000102117_541589_.JPG,8d42f14d69c5db8dba8fbeeeb16f90bf,2532478
images_1/248_8456782986000102117_755013_.JPG,488f98136c0092091089bc5fb665f0dd,2339687
images_1/249_8013194986700102717_485708_.jpg,fd1f8b1f90e409579c80c3e264123eed,4524725
images_1/249_8013194986700102717_944747_.jpg,6121df630648d8c2d8008790eb083c59,3049398
images_1/250_7836713182700105572_415059_.jpg,262840cafac453b9cb1dc0657f5d9e66,2723916
images_1/250_7836713182700105572_747729_.jpg,2cdb46621344cf76dd136360a94bf960,2702517
images_1/253_7839195421800103763_360743_.jpg,eccde010a9514555eda609c47577e9a1,3196921
images_1/253_7839195421800103763_813796_.jpg,cf7044d00f67d27ca3de239cdbf8024e,3215607
images_1/254_8472035905100107465_187661_.jpg,3f5bfc32429793aff98603ccea6ee627,1049068
images_1/254_8472035905100107465_222363_.jpg,8f3ec1f2a74d0a3bcf7512ee0f1edd9d,787389
images_1/256_8021451809600104781_108890_.jpeg,96ce36ad7a5669d52a73e45926813365,2704582
images_1/256_8021451809600104781_696934_.jpeg,9fe46ab10e8818886b314553f87bff7c,2643467
images_1/257_7882195350200101307_313590_.jpg,0577ea9cd1701b0bbfefb77e1e61105c,2203322
images_1/257_7882195350200101307_343225_.jpg,e940083acf036b25e655449f6da0128f,2385856
images_1/259_8126734205500104139_527911_.jpg,e40e83e70ea3e39d444ad0e61a67ef47,2475131
images_1/259_8126734205500104139_646914_.jpg,1dcaf3772c56ca38d2433e0f4bd25dec,2249122
images_1/261_8481017587200104896_268266_.jpeg,d6efba800d916f6979c70775a6ee08af,247280
images_1/261_8481017587200104896_347665_.jpeg,9582aa41c6506a4bab42dcd67cb761b9,283166
images_1/262_8023344445500109847_509499_.jpg,9d7439036b04944b8090fa880ed76625,3121370
images_1/262_8023344445500109847_748308_.jpg,7e45016504332c869c6cfb23274e720a,3150425
images_1/264_8489988608400103346_216819_.jpeg,e7f9d1d409a7abc82e9e638d91e11c1f,2732945
images_1/264_8489988608400103346_948389_.jpeg,bafb7affcfd85d0e1f51e454f75809dc,2778254
images_1/273_8457171838000103250_280799_.jpg,8df86c0ebb24ecee5db4ee1fe4200fce,2077134
images_1/273_8457171838000103250_291423_.jpg,1e552cf6366d92d1cbcc7bd32200a8ef,2152393
images_1/275_7833809039500101772_160414_.jpeg,fa5ae2ffe211987644cf504b563c47ee,3401023
images_1/275_7833809039500101772_624079_.jpeg,c90da53874a797586bddf2c08ff40eb8,3197480
images_1/278_8503525724800100937_312221_.jpg,fa57ebb9eedabef8d7e630291b5349ab,1652512
images_1/278_8503525724800100937_726756_.jpg,6476aa487e697a75e08d2fb640c8add8,1829813
images_1/280_8506572969300108084_407458_.jpeg,12f138495283261236c83d6975450e6b,364056
images_1/280_8506572969300108084_634696_.jpeg,1bc75aa8cb3954b88727346b5dbe87ea,428309
images_1/281_7889760111100108422_199371_.jpeg,58e9cfece36732b1536ea653ff0c74d8,1527652
images_1/281_7889760111100108422_565793_.jpeg,a92cde933ddedcc8a374aae440bccc6a,1346382
images_1/282_8496214825200101777_107761_.jpg,8bed822f698fb3a80c1862b4214f55d9,632474
images_1/282_8496214825200101777_572282_.jpg,f85db4bc5560ed7c9164386a6a50f97a,1007065
images_1/285_7832713107900100850_729365_.jpg,6cb33f7fa6ceaad1d509be62bf9ebf2f,1246803
images_1/285_7832713107900100850_801473_.jpg,8d8661829c714bfa0fed5aebaff825f0,1055065
images_1/287_7832946437000105763_526332_.jpeg,779ffa7f4ec3d2a11df8e12322483e03,1718844
images_1/287_7832946437000105763_949696_.jpeg,d7d435c40beabd3d2c22a6c561b2a787,1851841
images_1/288_8461249368400102797_214470_.jpg,802b87a38b5a6e0f4281a111afc975ab,4287466
images_1/288_8461249368400102797_782937_.jpg,d448dca2d6bbccdc0c7b218c88bb13a6,4127984
images_1/289_8454869561700103466_731330_.jpg,7d9d80ebd5aa8af5709ddd52f49b5706,7544219
images_1/289_8454869561700103466_861283_.jpg,49588934f114a93d271101a282c99f21,7619889
images_1/293_8368961698700105829_341729_.jpg,d75bf145205faca6bb506fd400a827bc,183796
images_1/293_8368961698700105829_441326_.jpg,0c333031e2dac140124d7658ddbaf8b6,205595
images_1/295_7833000491100100373_792539_.jpeg,a6952f0ecf1b6805f450cf99fe606a7f,132110
images_1/295_7833000491100100373_914687_.jpeg,67cbfeeaef43a6bbad2f08ef3a21febe,147147
images_1/297_7832697140300108901_136148_.jpeg,9f9226341216db52703442bbe5b01c5f,1372089
images_1/297_7832697140300108901_883430_.jpeg,4ac4571167f7d414dbd2655b2c157afa,1036473
images_1/299_8513630994300109974_293724_.jpeg,617683ed3c3380d77f4ec9e44537b37a,3774317
images_1/299_8513630994300109974_975413_.jpeg,08112c38a91f5684edaf1cf222325669,3445154
images_1/300_8477789621200103772_666816_.png,b9710cac8946b677ed56a956ca798f85,293694
images_1/300_8477789621200103772_794890_.png,8a1564862c0860fd3e50d51c62022f8d,287378
images_1/301_7841773568700108751_574293_.jpeg,031df3975bbe704f046c962880489a0a,1800525
images_1/301_7841773568700108751_858244_.jpeg,b1e5c50a510351a62ec34cc2f7ac8ee0,1361551
images_1/303_7834226777900101769_111240_.jpg,982287013d137caea3e3a3148356a603,4396974
images_1/303_7834226777900101769_761245_.jpg,a26062010a623ae7a6f21e3cc31cee5c,4368158
images_1/304_7840854596700104207_740146_.jpeg,3b4daab37896131b4edfaa9544c5476f,1217417
images_1/304_7840854596700104207_774482_.jpeg,9b2ef17ea328c8e1ab48bd8a78777d34,1056680
images_1/305_7837350975600107200_137919_.jpg,bd245b11815e112253bf36cb8c59abee,1810274
images_1/305_7837350975600107200_591115_.jpg,8740d53e4ba0b2f0c0652f84a99de252,2368460
images_1/308_8132169006700108300_839525_.jpg,d5ff4a535063732e28ab347d5f69ed3e,1724443
images_1/308_8132169006700108300_889868_.jpg,0447b0dee7c30d865cb07daabf0cffa0,1196837
images_1/310_7833286644100108849_211762_.jpg,dac6e84ec6a1d9c385399cd0279b5903,1905445
images_1/310_7833286644100108849_787416_.jpg,81847a2348f97c415d39e6745f8a3bb1,2394515
images_1/312_7832633179300106545_392000_.jpeg,47cec0e064077caf867262c54dbd4845,2147168
images_1/312_7832633179300106545_869083_.jpeg,0e30e1b97dd027780c4360e5de8b9a71,1908567
images_1/313_7883261915700109751_365262_.jpeg,19fd5d2333ccc9132fd51fa48a6cb7ba,230389
images_1/313_7883261915700109751_393214_.jpeg,bf66ffa9ca017e4c87b9e35f035162de,428640
images_1/314_8453411052900101002_405242_.jpg,c31d7e5c31449b63f4b40f6f4bdbd6e1,2108807
images_1/314_8453411052900101002_498866_.jpg,a94f078824290626c84b898b285f9ed1,2103044
images_1/316_7844131672600109720_100817_.jpg,ab5c748c460e9f45b8e086ca1e767509,4036028
images_1/316_7844131672600109720_560610_.jpg,758909d2f5e628d2a33ab63255e3ea5b,5026940
images_1/317_7832939331500109618_450548_.jpeg,687f5413a4215de4e6a687cb6ca663c0,1561028
images_1/317_7832939331500109618_695159_.jpeg,9572cb1204a7aa6c66bf5dbbc9a3f9b9,1492665
images_1/319_8031456763200106495_622982_.jpg,db15eaf73af8084f03630b0ceed32448,3663334
images_1/319_8031456763200106495_758474_.jpg,f1468d5fe903313fdb526769ab556d0e,3215442
images_1/320_8342889782700107938_404357_.jpg,5e242d3a1117ac9d8c1231300e429455,3203481
images_1/320_8342889782700107938_843906_.jpg,407cbad8919caee85151c1e1e3fcfa7e,3082528
images_1/322_7847547935500100201_553724_.jpeg,06404af23e73deb92c313fb59c7a7195,166542
images_1/322_7847547935500100201_641711_.jpeg,13dc57d245544e52f3510da20b3f6c6b,47106
images_1/325_8261962672100102933_767962_.jpeg,f826ce7987303cc9349badcc657f7f7c,1437441
images_1/325_8261962672100102933_826616_.jpeg,36ff32eca41e1de9f3089167b77c58cd,1009125
images_1/329_8516146988400108982_119792_.jpeg,ba6149cc3d5f75093e8ecaf178c4b508,2507330
images_1/329_8516146988400108982_755354_.jpeg,ce38320bd7adff7457112cb570be99ef,2527360
images_1/330_7834832432500109470_569914_.jpg,8d2c02f818adbfb7db230f89d59b331e,3102987
images_1/330_7834832432500109470_595950_.jpg,4722285cd5c3af9cb52290c9a2ded026,2228988
images_1/331_8256713326600109152_517154_.jpeg,5dcbf1924c67cfdad65e04fdc1ae5ffd,2967259
images_1/331_8256713326600109152_823357_.jpeg,f324a2eb2833e040370c3e8208141e2b,2773517
images_1/332_8482919311100109686_238416_.jpeg,ffd869db14fc68bd1bbfeeb1cbf61234,3070499
images_1/332_8482919311100109686_866659_.jpeg,8009ba09ade9a7d1426cf309272aa0e3,1902275
images_1/333_8052826835200100882_530272_.jpg,a4710a587cc288ff03ed094415155a99,2728576
images_1/333_8052826835200100882_992072_.jpg,a6c7370383263faff6c57232f9442268,3079613
images_1/334_8518915560300108533_607307_.jpg,516eccf45155a024ef35c58906fa9b36,2731468
images_1/334_8518915560300108533_719560_.jpg,d91f586fdc941be0cfc2862190153c5f,2755631
images_1/337_8333993412500109073_811981_.jpeg,5c958a4e5447280dcc79ee3fc247146d,1534909
images_1/337_8333993412500109073_984653_.jpeg,305380c85e832b09876d5eddc7f10bbc,1544849
images_1/338_8296466182200104728_143213_.jpeg,8cd3c56b0de5778b7cba6a5ba1497574,2711190
images_1/338_8296466182200104728_396866_.jpeg,9dfd16a27421cfeb0abd33bfe9276de6,2771698
images_1/342_8003042766500101308_648485_.jpg,c09e996e5aa7a25f4c07e2bf7898fb38,3283901
images_1/342_8003042766500101308_873204_.jpg,6783c81b82b9cc9708249e7b3aeab368,3403427
images_1/345_8461233310500102709_885944_.jpg,ea13e3262d38f02fa6aadc728d8b782a,5058418
images_1/345_8461233310500102709_999751_.jpg,62aa531563a2cf66d70726a6eac7d9d4,4368180
images_1/346_8461333568200103423_271692_.jpeg,594fd6ee035c627fa662c4023a37d8b6,1630581
images_1/346_8461333568200103423_674462_.jpeg,df17c7b8dd3687e8ef728afdb72190b8,1906828
images_1/350_7834647871500109710_335024_.jpg,b4d2ee426fefa2fc3c3c8793dd13fb0f,3030170
images_1/350_7834647871500109710_827245_.jpg,e201075992ff98d44798611dfa62294c,2440971
images_1/351_8212938248000107438_281536_.jpg,8730d295af653b6cea757236c2203af7,1108509
images_1/351_8212938248000107438_765881_.jpg,29239c871e9d4dedbae6d23a1b59a113,1965829
images_1/352_7841444709100107277_312976_.jpeg,0e2ce9055b52445e5504b53872691f2b,3112871
images_1/352_7841444709100107277_564691_.jpeg,86a1cb2408acecccca7b13da15e4ee27,3203119
images_1/353_8500291459900108499_665409_.jpg,9f6208d58f71354e24f086b823b1057f,112155
images_1/353_8500291459900108499_801829_.jpg,440c895bed6be2cd34c85f275e232730,84722
images_1/356_8532577790500107919_257952_.jpg,39e63cc572cb4adcbc470d22aca200bf,1969176
images_1/356_8532577790500107919_542376_.jpg,2b02aa116a08e3d0f846958a3038f0f4,2382825
images_1/358_7835813677600103700_202848_.jpg,cc9e9ca533a2370a21d12d1fa77dd7a8,2528471
images_1/358_7835813677600103700_213460_.jpg,be419322b0a05ad9dda4ba0697af652a,2128521
images_1/360_8280230452200109313_412851_.jpg,e230d59137b3862484b236061409a990,722887
images_1/360_8280230452200109313_473700_.jpg,ac25ebc7fef5f58b50526e90b432cb25,593325
images_1/361_8540660890100102164_513318_.jpg,62c71c8a698f0fa96ecb2033bab384fe,4284407
images_1/361_8540660890100102164_599404_.jpg,ff213f3e9527fdd008ad88066162cbab,4162310
images_1/362_7833477015800106616_515926_.jpeg,0d0d86b8f31b5f5ba3cd4870a985dd6c,551501
images_1/362_7833477015800106616_624718_.jpeg,41827dd8d2c4d13de5d2e926becac74f,579157
images_1/363_7834637548800109250_378266_.jpeg,04ab82418330ffa65c7c1adc85722f36,1715082
images_1/363_7834637548800109250_804572_.jpeg,2fb8fa5e03cd338ed36126a7bf5d8612,1539324
images_1/365_8255892844900107795_565194_.jpg,d9b666b238944372fa0ca6d6aa868d03,1977809
images_1/365_8255892844900107795_596311_.jpg,a1109364da3e78cf7a6b36dc26706a3a,2265729
images_1/368_7832946617600105924_479920_.jpg,b4884e1596b43c8eee3858acc9cb7fea,2620634
images_1/368_7832946617600105924_928964_.jpg,31fb730622d1dc342d1d83cf5f905f1d,2330938
images_1/369_8384804850200103367_354567_.jpg,7ea5f22103b2c62b18d3f58eb90bbff3,3587861
images_1/369_8384804850200103367_701414_.jpg,eecd1d82c80dccbf4e0f189f935d8452,4140927
images_1/371_8277085457400106621_468971_.jpg,e3b8578bff2a1bc43be982bcdf5756f9,395867
images_1/371_8277085457400106621_961221_.jpg,6957a5dfd51d147d23e9f17099e5b322,434425
images_1/377_8282647686300107115_270112_.jpg,6f74fff13ee025467f33252d8b8ff18d,1183828
images_1/377_8282647686300107115_754634_.jpg,70f0daba26822155aa35e22a151e6373,1120103
images_1/380_8317263611900106135_470967_.jpg,b3e84fc288c11f3fd5abc1dcb18729d0,1606842
images_1/380_8317263611900106135_920052_.jpg,7ec69bdd9270cfb5c9334b6c8f81b045,1594392
images_1/381_8453617273600104879_371187_.jpg,47692ee3560d5a4067834594a5dd2c56,75737
images_1/381_8453617273600104879_922249_.jpg,30800245bef5fc9171faef00601d522f,83200
images_1/382_8306439340100109275_333810_.jpg,6cb4c14909d6a09e5ebafb0b03edf48e,3599178
images_1/382_8306439340100109275_358443_.jpg,7a21d714ef914802869426c13f5a7e34,3791738
images_1/384_7851321462800108835_105772_.jpeg,dcbd0f9c34dd200ebb37beeedcef1990,108003
images_1/384_7851321462800108835_143208_.jpeg,34c40ef63f0539e7f399b9f59b126ace,124423
images_1/385_7836859671600102458_200253_.jpg,c52dd0fc109e2ab88bd799b6afbbac8b,7032503
images_1/385_7836859671600102458_798682_.jpg,998139fd93aaa136eabd167ad7f8d947,6015475
images_1/386_8072350240200105454_203938_.jpg,66823358a81278f027ab566e3785460f,1563189
images_1/386_8072350240200105454_670894_.jpg,ac0529a98e67bd54c6d44c6acab0bc15,1469141
images_1/389_7916429634700100376_178666_.jpg,ad5ff4b05cda6fa790c5b971695028bb,2067979
images_1/389_7916429634700100376_774629_.jpg,3251970985a3f479c75e871ea2690cea,2196166
images_1/390_7850842384500102674_510039_.jpeg,63df7af59ac31a8df846cf1bc2580624,215043
images_1/390_7850842384500102674_963060_.jpeg,d9ff65e8e415e73e6867caaffa7af961,219699
images_1/391_7854843399000100446_255357_.jpg,3c97c5c5425cd718476168b5c0a3b641,3069396
images_1/391_7854843399000100446_878082_.jpg,b5204dd5f8eb3074ff317bcfe9a19509,3513138
images_1/392_7850277863100105302_193181_.jpeg,b9161ff12ad62bb5165ca42ccaa11720,69106
images_1/392_7850277863100105302_745126_.jpeg,6914359f2b310c73ec7bdd5a445575db,71418
images_1/394_7843610942600101537_134147_.jpg,d87693e93f7c7e24aff1dbbf9b059fe1,65303
images_1/394_7843610942600101537_470537_.jpg,f60a22b64306412c1ca774c34512dad6,67613
images_1/398_7859016187800104833_425059_.jpg,4f87481d94f06ee9e77bde399818eb06,1877444
images_1/398_7859016187800104833_594628_.jpg,2d39273b55e1800ed1503423157470da,2238280
images_1/402_8305738804600106892_178013_.jpeg,dff95e442f36573008867e9162fddb3d,1569796
images_1/402_8305738804600106892_839622_.jpeg,a25d8bedc4f6dd0ffd8d0e76ef9cd680,1386925
images_1/405_8270911700700102630_418433_.jpg,5100708df0c3931794055898a19211b0,2602894
images_1/405_8270911700700102630_988828_.jpg,53715d1ef56ecccd4082ad68a5861c10,2666978
images_1/406_8454334702600105510_437974_.jpg,355cbec7e2ab516cb3f6c6fc8b02ed1a,132801
images_1/406_8454334702600105510_499258_.jpg,fa09b896f34c40a7e2e7fe38f94b6ea2,121685
images_1/407_7837149421200107849_427636_.jpg,553503562880ba2e9126f2f6755d5d22,2606328
images_1/407_7837149421200107849_776992_.jpg,fdb681b5492bc44938f192855b6a0936,2526075
images_1/415_8467849747100106349_698810_.jpeg,8d5ba378cfe3a6b7334afc71eeb2a3b8,69213
images_1/415_8467849747100106349_706923_.jpeg,e4b3ac4c2ce856f751242b8d6d5d0989,56035
images_1/417_8468715710600108252_669718_.jpg,3a25f34bf3403b94d4f9a830b1b690af,2409435
images_1/417_8468715710600108252_919210_.jpg,555b3bb9987575960c53f3ab6f25fb6f,2899379
images_1/419_8469310208400100184_337200_.jpeg,bc013f1ce3a08fa925ccdb0b2b597a95,2788951
images_1/419_8469310208400100184_510168_.jpeg,4024c89703d37663587e2ac5b842162c,2553959
images_1/421_8470461705600103587_429320_.jpeg,b48b7dc7ac8b5b226758a3f303ee8b90,722283
images_1/421_8470461705600103587_434747_.jpeg,797276f30b77b5392f8b883fbd631c7e,691720
images_1/430_7834297107600107380_263762_.jpg,572511f0c088ce21c274f13bace5a4ff,81582
images_1/430_7834297107600107380_761434_.jpg,430eda36dfe4ad860dfb65093d8ad0a0,77368
images_1/431_8481303833300106239_191421_.jpeg,e75793a977271c970f34430e4efd1022,1700706
images_1/431_8481303833300106239_773778_.jpeg,1518f37c24e7f49bb287a124d16b6f1a,1817828
images_1/432_8481563276700107199_216686_.jpg,2b4f55776a43f729ed4a37502a5b8c13,3449307
images_1/432_8481563276700107199_604532_.jpg,dd5d4ddcea9968a6641418923589da37,3765044
images_1/433_8484968038800101151_124743_.jpg,8417f27bb3997ec98a9d822ed65562fc,2232484
images_1/433_8484968038800101151_252146_.jpg,5bd73ddf933d7f5bfef0f04f5ace90a7,1137601
images_1/434_7901421475000100614_413114_.jpeg,3d93b644e4c92716d109a77a9995d1d4,2062226
images_1/434_7901421475000100614_864653_.jpeg,eadcf50b770a11e5f51a67e86e3d1395,2214362
images_1/436_7837513418700106196_664284_.jpeg,3d8247fa0c93d16e189c3f72c24768e6,4420993
images_1/436_7837513418700106196_779313_.jpeg,c0ca0dd2543ed1ac76f44ba265a4bdf8,4109816
images_1/440_7990493711200106229_790604_.jpg,d25659890fbeeca7e7be0715b9b8b6c9,3348569
images_1/440_7990493711200106229_949263_.jpg,fe4b4e4078fff579f9f4fd888d4a7ee4,2533079
images_1/443_8497123377400103942_285731_.jpg,255f603a4cf8a15990878786bedd8aa9,2275310
images_1/443_8497123377400103942_473095_.jpg,d7c0be8ff8cafe03cce0149ab3a48aab,2491056
images_1/444_8497277692400104217_158436_.jpg,1b4313b354c0b1d8943925a3178b5407,1236594
images_1/444_8497277692400104217_695117_.jpg,6b6d41f4eda2178720fcadb11c6dc5bd,1281764
images_1/451_7836930297900101401_409893_.jpeg,3eff6cdc5586721999b9add818ab5e54,278674
images_1/451_7836930297900101401_693961_.jpeg,2db60444df556c06b1d891089a3fbb2b,440437
images_1/452_7841949244600107349_586941_.jpg,b1885a2c5d86177a2c8ddf293cfafb68,1383374
images_1/452_7841949244600107349_672919_.jpg,914df7497e1fe7b4cac0eb8a1f2f47d4,1677588
images_1/453_8499570054200107905_397958_.jpg,7d7ac08c78004e778cd9bf373f737e3c,1446384
images_1/453_8499570054200107905_659257_.jpg,b739678fb57126a7e58de2b23add6fdc,1642176
images_1/456_7832940422000100630_269670_.jpeg,f452c74a25215fb545c5e9584d6acfc9,537633
images_1/456_7832940422000100630_817005_.jpeg,68290a1baed89886eee4b08ee25b0f38,594809
images_1/457_8343294125100109117_194630_.jpeg,5d275506012a46cc2d12fc0f58cb912b,2760355
images_1/457_8343294125100109117_265805_.jpeg,0731b7895298a645114fe9250250dc32,2649407
images_1/458_7993572066400102184_431196_.jpg,0dc39dd4c05246a7c7cad68a6b230242,705247
images_1/458_7993572066400102184_858397_.jpg,2356332302daad5f42cc9555a6c8bc0d,781379
images_1/459_7832956188100102983_236438_.jpeg,367eb01840d16e159408b0ee78d2d757,1008910
images_1/459_7832956188100102983_996523_.jpeg,61432eed0d862d76182b78910d15253d,849768
images_1/463_7839538384100109773_690338_.jpg,fb4abc539befa789aa10992bc4182697,4687948
images_1/463_7839538384100109773_984323_.jpg,6537012df41e098ca2ca3c29bedcc74b,3297026
images_1/464_8330841531700109738_274181_.jpeg,dc1fe9abee3e7f0940e397332daaaad0,1830312
images_1/464_8330841531700109738_387740_.jpg,b923f1164b7ca2cc2dfa74dfc64e3c80,1136325
images_1/466_7926385508700104146_137347_.jpg,df1af99276ad80e8e919f1eebfff3269,69012
images_1/466_7926385508700104146_922248_.jpg,3eeae1a64d2ed22c5a29075e42d8a9db,76468
images_1/467_7901421475000100614_130398_.jpeg,3d93b644e4c92716d109a77a9995d1d4,2062226
images_1/467_7901421475000100614_849100_.jpeg,eadcf50b770a11e5f51a67e86e3d1395,2214362
images_1/469_8472616369400108832_580140_.jpg,2779b18f6e6de7c3e3cc9b975d8786a1,2665496
images_1/469_8472616369400108832_784321_.jpg,171eebcae7118ec2ce629cd5bf7e1f0d,2845877
images_1/470_7832679763600104509_370218_.jpg,288d8bd342c73fd84f0b3ef0256ca19d,178983
images_1/470_7832679763600104509_465729_.jpg,21177f3fff3a7d8ddb3ec729a6862f14,169537
images_1/471_8478248064500105073_689528_.jpg,3f7bda663acfe0692eac993824c6b15c,164345
images_1/471_8478248064500105073_892911_.jpg,dafe29cc454edc38a5ef238b97065e06,208523
images_1/474_8341196635800102737_182752_.jpg,d080164f6a088499706ae16b27178b3e,88914
images_1/474_8341196635800102737_882395_.jpg,c2d439ebc1dc484ed403f4edda64079f,95171
images_1/477_7833083522000101593_445145_.jpg,89560f7d170815e2105762b312bbc1c8,6462273
images_1/477_7833083522000101593_977058_.jpg,baa497af5e9999510060864ae8bfa33c,5996439
images_1/479_7833352351400101244_585172_.jpeg,9b645df3f6cb1585f3bc0ece19c49eb7,105972
images_1/479_7833352351400101244_606454_.jpeg,5dbb136d347159b32c9e998a81ae2546,78918
images_1/480_7859593937300102897_352198_.jpg,baba85b30573885bfd6621bc8cd6c130,2192416
images_1/480_7859593937300102897_353191_.jpg,4c12ac5e6840af71cf8423cf106e636b,2447933
images_1/481_8082198079100104124_437797_.jpg,06b10d8e63b017210e5a2cf2fda3e45a,842696
images_1/481_8082198079100104124_849467_.jpg,9f882df96e4682a491c449173ed6fc23,827366
images_1/482_8253199464600104188_172773_.jpeg,407f89dfb217886501697d86c55aaaf3,2051636
images_1/482_8253199464600104188_433076_.jpeg,1f6518ff51780064a1ec2359387225f4,2155570
images_1/484_8151704396000106684_351750_.jpg,a4ef6b3ba04dc5f1f56221cb286127b3,2894586
images_1/484_8151704396000106684_533942_.jpg,901ae866f3798e4eea8f9023401c5936,2682046
images_1/489_8168983364800101660_462830_.jpg,a38473239a71302b3519b9cb0ee3ae99,4338647
images_1/489_8168983364800101660_583848_.jpg,7521c3771500f739dd81d7ec83ae380e,4249815
images_1/491_8265029534500106678_558356_.jpg,d6629245b0b276587a6a6a1ae6494195,4601232
images_1/491_8265029534500106678_914736_.jpg,a58f9ed20326c332b5b0f6e3cd94d519,4605889
images_1/496_7836238457900105218_341913_.jpg,5829a21e01095c6f6af25658461256f6,3442088
images_1/496_7836238457900105218_407021_.jpg,d26708647af332c1735173d8c2282cdc,3509302
images_1/498_7838772572900104353_119586_.jpg,bf355a88204ebea688cb7294f134fa5c,889732
images_1/498_7838772572900104353_129154_.jpg,0a5f35b93316675041aca3baa200420e,820896
images_1/501_7859016187800104833_515110_.jpg,4f87481d94f06ee9e77bde399818eb06,1877444
images_1/501_7859016187800104833_741475_.jpg,2d39273b55e1800ed1503423157470da,2238280
images_1/505_8090157546100109895_487546_.jpg,93ebccece796dcab35e86ea9600c1af2,110512
images_1/505_8090157546100109895_663238_.jpg,df1befd18ae7ae7fd88abe4469175c1b,139578
images_1/514_7833283534700107393_266529_.jpg,7510cd78d2a9f7d58229b45913a84f47,1963272
images_1/514_7833283534700107393_492583_.jpg,fa426724a850790e772de50b27863c56,1753426
images_1/518_8452560544100101935_309792_.jpeg,1b881a91448200508c1903370e3f134d,2081287
images_1/518_8452560544100101935_765244_.jpeg,3b9a65e257c8fb2bbee2e3189c97c039,2030406
images_1/519_7840910166800105020_404376_.jpeg,c9670e7c0f9263f1c01dffd92ab31dc2,177168
images_1/519_7840910166800105020_421591_.jpeg,983d65b81ac0cefb63e548547f749e47,157181
images_1/528_7836024998100102858_354908_.jpg,3654db5d0145817143cfc35bd98d4aaa,1763119
images_1/528_7836024998100102858_946004_.jpg,ca16400744355db30c7f4e6947861f12,1926984
images_1/531_8082466770200108156_323020_.jpg,82b05a53178dc49c93ffd07b29611de4,2561585
images_1/531_8082466770200108156_692161_.jpg,8096b54f12d3124d5bb6283d25bfb5d6,2707412
images_1/534_7837593122200106042_369858_.jpg,a67713d2e8801a28703f8b4c9ea7c52a,1526046
images_1/534_7837593122200106042_438406_.jpg,0c4acbd1914df42d3c2d90003f39e57e,1760911
images_1/537_8558752303400102815_471299_.jpg,3193e72112477d5f9c7ee769aa727cb7,3740638
images_1/537_8558752303400102815_949499_.jpg,023e2f0ac75e2f409c312fc5411d5d23,1227551
images_1/539_7894254310500100781_847426_.jpg,64f0143fc6327390bb2bba83ddf286a5,1087772
images_1/539_7894254310500100781_996547_.jpg,11c6a2545e8d6ed5cb92bf526cb57ad3,1028024
images_1/541_7841285295300102648_386332_.jpg,d10d991477c5ae6bf81ba3ff382cad94,6994485
images_1/541_7841285295300102648_616169_.jpg,1bd5fd526c3dacf8dd5e55d81cc13390,7020203
images_1/555_7842088648200109551_364499_.jpg,376b76000883f07833991a5bb49ab4f6,3703790
images_1/555_7842088648200109551_471957_.jpg,0ee0d2750763e7a1f3bb72e3561620f6,3892313
images_1/559_7842033264200100985_446081_.jpg,9467b1018e67e0fe0fe1b7e89a6f10be,2124244
images_1/559_7842033264200100985_512354_.jpg,5541c1f9e0814ab5801bf0729d405adb,2068804
images_1/563_7833111513700103956_426314_.jpg,941865b8ec9edbe1752768229b9a1326,4244762
images_1/563_7833111513700103956_903038_.jpg,a9d8d8feaf01ad0eb43bd06313a5836c,4415711
images_1/569_8096533293700104726_818421_.jpeg,634d75d88e06d7aea9fdac2bced29b10,245203
images_1/569_8096533293700104726_842137_.jpeg,513ccbce02ae12db4df3cf62e4a4610c,237462
images_1/574_7833971914700105021_181172_.jpg,464f9a283657a0be37cc4b27b29556d6,1819383
images_1/574_7833971914700105021_922394_.jpg,14418d90791e59aefb1e39ed7cb3e6ea,2102011
images_1/575_7841140215500109870_434243_.jpg,d1be1075b5768839e05f7212859be262,3371209
images_1/575_7841140215500109870_773918_.jpg,9ef462dba23695580559b43ce2c71ba1,3451751
images_1/582_7833605553700103742_391107_.jpeg,f7b8392f33e1f70d84d0ce3006153e92,316339
images_1/582_7833605553700103742_898305_.jpeg,e7fb975f4969701a780e8ed9b47b7d27,284938
images_1/583_7833855328200108301_270096_.jpg,e9d34659877515d88f23ce3b46e8ad7a,2367670
images_1/583_7833855328200108301_731709_.jpg,8cdd79ca22551c82d8b12b9c7aa15500,3148556
images_1/589_7839634438800104972_637261_.jpeg,658dd8d2532572cca83782acd64b2220,2997669
images_1/589_7839634438800104972_813597_.jpeg,e2afb4930aa82551e1ce2c135c77766f,2831169
images_1/596_7848943985600107402_555172_.jpeg,3e456e1ef4d4e4e5c3c127dfaf1d1f9e,103868
images_1/596_7848943985600107402_815279_.jpeg,3e374d8e88d63870a4de5b8bf6dfadca,129432
images_1/599_8314755217600100719_586149_.jpg,09f6c36fe9a9c0cc4693b285b71e8d3a,390975
images_1/599_8314755217600100719_859377_.jpg,297c5a9db3f9325743a84784c7bc33c1,342874
images_1/602_8460867672800100052_448312_.jpg,27c92fc0d91395289326813bb42c5044,2456073
images_1/602_8460867672800100052_534982_.jpg,503af233d83da4bf1ec9e368ca9a4472,2271326
images_1/605_8462523165100101701_220260_.jpg,c01f2df92f16cf2dda2fc025ddede9cb,2178082
images_1/605_8462523165100101701_639340_.jpg,a209fc3f8903c5cbd9e1fd232a1422ea,2739984
images_1/609_8335404999400106039_149811_.jpeg,0ea50156750cd57c7afa09df365d98c9,2487935
images_1/609_8335404999400106039_436967_.jpeg,e436f286d16992964aa3d5712d455224,2478660
images_1/611_8453418225600101170_701994_.jpg,d81fb85e69c383e211cbe5574ef968d3,2133924
images_1/611_8453418225600101170_947668_.jpg,473ce3538793e6bf349f400beec84191,2363033
images_1/613_8329979169600108074_129016_.jpg,4fea7fbebcdd9d78f14e070c83cbf2c6,3531456
images_1/613_8329979169600108074_239265_.jpg,f4e67f16c14bff904e2c2686e5f7883e,3619847
images_1/622_8476539797000101958_102128_.jpeg,88e8e4d73106e1207b68908d25503f11,1550030
images_1/622_8476539797000101958_908732_.jpeg,c6c067861c51a43248bba69ffc731ee9,738656
images_1/633_8280448348400100169_639122_.jpeg,e42b8191bcacf4c4027081a667c0d8c3,79110
images_1/633_8280448348400100169_701436_.jpeg,d9d97a7ebcffbfce02913afe44ec70c1,76573
images_1/635_8485634706900102663_641675_.jpg,efa44b6450e26d67f9ba10f93915ae02,3062268
images_1/635_8485634706900102663_664800_.jpg,c1423999109ddbe96c5019880afd1766,3793597
images_1/640_8168913893700101581_111838_.jpeg,c9b63972667217b18a1fb4f5c6ddd2c6,532625
images_1/640_8168913893700101581_979549_.jpeg,7657b7df340bda1d8f53108bd708f99d,656717
images_1/641_7838618230800101069_197216_.jpeg,a8524dd3f67e2ec413d2c080b457aeaa,2522589
images_1/641_7838618230800101069_816457_.jpeg,2a3121b76ecc43351922f232033bae8e,2517172
images_1/642_8496412151000102314_449708_.jpg,4773e8ced0179c56e55389f8273d6eea,1412474
images_1/642_8496412151000102314_523392_.jpg,c54d11ba418233a815e9ad75ac28b10d,1087008
images_1/644_8497617882100104915_350907_.jpg,5475aa5ece973c0aa67e0d6443a75f0a,1926829
images_1/644_8497617882100104915_729185_.jpg,25277ab4b80df4e2c3ef56f18f876590,1786557
images_1/645_8497878492000105403_125951_.jpeg,a14361f026d43be3a8476f9ae40cb609,1982951
images_1/645_8497878492000105403_510125_.jpeg,ac1574ffc4a60061b442fd2add37bef8,1621893
images_1/649_7834309318600108332_260646_.jpg,5acf61ed2179b8ff629d184f64a67ad0,2309473
images_1/649_7834309318600108332_942241_.jpg,39cf38a7a1c7bbe636edc942fcffe737,2309253
images_1/655_7832648963500108145_145154_.jpg,b5af0dfa83283cda24bb12beb8e06cfb,3408086
images_1/655_7832648963500108145_642583_.jpg,27cc658593d02ca5730da8d4e4ff41a6,3476859
images_1/658_8461813193300107165_239961_.jpeg,669e04313872e8e4f6e21abc21602550,1879818
images_1/658_8461813193300107165_553479_.jpeg,a0f17a6d59d4245a1405b7ea909fe8d2,1998469
images_1/661_7836752195900109881_451053_.jpg,f0bd28ba2cf6f1966bb80bd7e5bcac21,1405773
images_1/661_7836752195900109881_936854_.jpg,1d222a5282d04be41155a9e692522ae8,1115060
images_1/663_8082502021900108759_313975_.jpeg,bdc1268c5ae864ef0daeecf5578694d3,208029
images_1/663_8082502021900108759_438810_.jpeg,332c4bece3d588de0376ca16b9a575ef,180646
images_1/668_7832564060900104006_180622_.jpg,25ce1a7de4f7e8796fb7d1b91c663071,3258717
images_1/668_7832564060900104006_917940_.jpg,7d05cd3a43ee08a3f6a4c10d768d6777,3111067
images_1/672_8333808535400107763_473560_.jpg,ca65a315925eb9af1d4a18268408ced0,1491240
images_1/672_8333808535400107763_674615_.jpg,b55a9e06337864714896618de58983d1,1535223
images_1/674_8087132475200105472_894068_.jpg,a4420a9f269683ea33ff7367cac5fa19,4419905
images_1/674_8087132475200105472_930792_.jpg,30e52d7c784a7f3bf45be70968baba60,3692896
images_1/678_7833525112500103800_164113_.jpeg,d2b88a05f2052b7845de15ea7bcf5a5f,585585
images_1/678_7833525112500103800_670047_.jpeg,7f2f1a292d43a94cc56927dfaf28dfa5,537489
images_1/679_8391878203500105439_163594_.jpg,afd27404ec39ee48692511236e82df72,1883330
images_1/679_8391878203500105439_980709_.jpg,7a28ff0772a87c9a69e96635c4b7ec82,1849366
images_1/682_7839433881100103288_235197_.jpg,a22ad4b9d288e28d0aa1cb2feff1f4b8,2131597
images_1/682_7839433881100103288_519198_.jpg,78abc03e9db7fae02f2dfcb8f9ecdd55,2628889
images_1/683_7833295297300101849_559152_.jpg,fbd233aeda1b53a5eb64f2cfd8187881,1294051
images_1/683_7833295297300101849_823272_.jpg,f23930ce1784c58ca2dd5ea1211c1c20,1507939
images_1/684_7871022653800104305_210756_.jpeg,82873136ec5f942553429cf919b66ae7,3124903
images_1/684_7871022653800104305_464713_.jpeg,3a63e05ee5a2c90cea4807afe77bab15,2903262
images_1/687_7832941798900102314_741838_.jpeg,fe226fa20f415fca0804f8f7bfba8535,130020
images_1/687_7832941798900102314_808139_.jpeg,b9fe267dc79de7fc20cc210b84c8d21c,365181
images_1/697_8251577226000102208_796443_.jpeg,1ce54313a075b394a6c79cfbb81c794e,2853714
images_1/697_8251577226000102208_881298_.jpeg,2256f35ac08658b36c96ac7e831747a5,2647224
images_1/703_7835424384000102591_607341_.jpeg,3734354219c7fa409273d0165de189c9,314402
images_1/703_7835424384000102591_656002_.jpeg,de5534ad73ddbee4ae309cd4761e64e9,381292
images_1/704_7832981329300109057_125033_.jpg,4fe673914962ba63c0b8f2f7b6b08a76,2108419
images_1/704_7832981329300109057_575578_.jpg,cb61d3dc913f581514196e7b6caf64c1,2009070
images_1/706_7839698904000105311_509192_.jpeg,173987f2bde4d41423893d65a7de084e,3210423
images_1/706_7839698904000105311_980445_.jpeg,428688074cc82709b48e5fb8426e21c9,2991669
images_1/712_8156929458300108879_346008_.jpeg,368c5fea44c973a56b920c22f0005604,1206622
images_1/712_8156929458300108879_875657_.jpeg,b5145e1a8f99ad6846324c66cd3d30c6,1173923
images_1/715_8368384717300104770_318511_.jpeg,c9ea519c3feda67d7240fbcb4cb59f51,209431
images_1/715_8368384717300104770_447299_.jpeg,6c7cd4ac78dfeae3774bcb04250ba34a,291886
images_1/716_8087229155100106915_898945_.jpeg,6ddf8389ecaeba88b90eca3870051405,2582286
images_1/716_8087229155100106915_999286_.jpeg,473d997ab5af47fc6b05b9316d2349e5,2040218
images_1/720_8391723725300104310_844039_.jpg,a4020b62db7a5ff41bbcd5e5271f8ae4,2058709
images_1/720_8391723725300104310_944855_.jpg,61b755563dadc0ad6ed8f0ae620a1182,1485346
images_1/721_7899818061600106343_641959_.jpeg,1a2846911a8a4ba086c52a1c8d766230,1983621
images_1/721_7899818061600106343_719497_.jpeg,7e43abf9bce5373d006446e58b2ea539,2664340
images_1/724_7839234012500100457_509282_.jpeg,c48e19014807e25b90be287ac8ff6f3d,524909
images_1/724_7839234012500100457_796358_.jpeg,6786fcd5f8c3c21b70919657bad912a8,485749
images_1/733_7833636686800103262_132853_.jpeg,2768426c8496253e32675709f7065e63,2661339
images_1/733_7833636686800103262_407507_.jpeg,c2834500331344e84627d3f64d2b27f1,3278829
images_1/738_8487058370700106275_488106_.jpg,c78b5794926aa06150810f81d4e1fe52,2902888
images_1/738_8487058370700106275_749184_.jpg,7f8063b0f9adecaa4f8864699d89fcba,2744804
images_1/740_8469310208400100184_419318_.jpeg,bc013f1ce3a08fa925ccdb0b2b597a95,2788951
images_1/740_8469310208400100184_984535_.jpeg,4024c89703d37663587e2ac5b842162c,2553959
images_1/747_8565087910200107916_288521_.jpeg,57c1e921bccd7b8b146b265749be5142,1465230
images_1/747_8565087910200107916_379690_.jpeg,c291eae61c2511c31eef46043755da5f,1247178
images_1/760_8159284864100107225_117377_.jpg,a42cbe8ffb0789dd7009866ca416c3e9,2339023
images_1/760_8159284864100107225_289866_.jpg,83553091813d45d2e370088d3b84a782,3057162
images_1/766_8452894227600108692_517837_.jpg,b77ef0c316b78329c4759362b72dfa79,1987535
images_1/766_8452894227600108692_794260_.jpg,3a9d797d7843872e29fc3a51c4ccd502,2134427
images_1/767_8326381393800105436_434338_.jpeg,667078e5e8aebea08ed98a40a69cd234,76072
images_1/767_8326381393800105436_900071_.jpeg,059b7803c390346b7e8872413e01b661,83988
images_1/769_7834158977500106506_538737_.jpg,979bcb5936f9829068392c26f876bd31,3794008
images_1/769_7834158977500106506_624641_.jpg,dc605cf72882e49cb2150c2c2f1e7988,3246707
images_1/770_7832719258700105304_790850_.jpg,c05d4f6fcf46b32ca28eb45b22d8ee59,2117246
images_1/770_7832719258700105304_867756_.jpg,46abf04028ad434e32c8be69828edb76,1923401
images_1/780_7832679763600104509_549664_.jpg,4aeffbff49dfda2684b6124cf6daee9e,5005939
images_1/780_7832679763600104509_974717_.jpg,fd23f48aa56f32248eb0472f1852a36e,2579111
images_1/786_7954455667200103352_304535_.jpg,ff2464f27847329907ae338f341021e9,2260562
images_1/786_7954455667200103352_924204_.jpg,46df562f424b14fd84175b00bed65f23,2354627
images_1/787_8261828377500102766_182624_.jpg,9eba754bff1a19c80bce2321e651d02d,1997077
images_1/787_8261828377500102766_832692_.jpg,065b999f330abcbdffe01876b41ac859,2568734
images_1/792_7834356147200101934_230618_.jpg,c865250affa86be35a6d166d653f3ccf,2467911
images_1/792_7834356147200101934_935598_.jpg,8212db3cb0da040405ac8de8e31627ea,2425634
images_1/795_8455605512900103822_123679_.jpg,282234aa9bc77b72cc5745596842f8e1,1355263
images_1/795_8455605512900103822_642921_.jpg,1b5d644fad573ea38f3a5e4c0a89d297,1416465
images_1/802_7836044159300103791_447105_.jpeg,d74b4826bd3deeb39448e81b0fec95eb,1586093
images_1/802_7836044159300103791_641997_.jpeg,2a7ba5b65b52562742516e872fbac6e9,1776117
images_1/803_8298758044600108765_123984_.jpeg,a931c74b7a9b4e595f8f71ce5fe2f28e,1176811
images_1/803_8298758044600108765_149794_.jpeg,b7a316a63b3ad684bc246e1c067ec59d,1004550
images_1/808_8460215010600104977_255836_.jpg,a6d147cdfb723e0c680f72b3cdd55533,2528089
images_1/808_8460215010600104977_291492_.jpg,76d626f5b8c7e7debaaa723a3a8957d9,2478324
images_1/810_7833337275100106618_397383_.jpeg,bdcf8b68e5a683fc9b033c0731642de8,2143891
images_1/810_7833337275100106618_795274_.jpeg,42719647c7e32a417f119004b68b3108,2714350
images_1/813_7838305190000103979_108031_.jpeg,682bb78a6b50a2f15d44decdea27793c,351217
images_1/813_7838305190000103979_225029_.jpeg,ec72e76e7d21cb4d2ea16094286e233c,346972
images_1/814_7833333755700105497_623942_.jpg,7ab024f84ea71b634db5a7aaee7e6433,52965
images_1/814_7833333755700105497_903934_.jpg,a7677b461485cc39f5806e91de65fe6f,57472
images_1/818_8024589398000107413_611633_.jpg,7343cda595f63a4528cc14846f18137d,1870518
images_1/818_8024589398000107413_800408_.jpg,b4823fd2f1ef742808c78501c0af5702,1810954
images_1/819_8368961698700105829_726160_.jpg,d75bf145205faca6bb506fd400a827bc,183796
images_1/819_8368961698700105829_980270_.jpg,0c333031e2dac140124d7658ddbaf8b6,205595
images_1/826_8469734122800101548_431418_.jpeg,5fa8c9cf03ba74a5ba028d6516efedd6,1393635
images_1/826_8469734122800101548_867643_.jpeg,e0c467551ade1f7f4c898e23db4fc436,1345236
images_1/829_7833258988600101586_119181_.jpeg,c4616b8c8bb6ff4ad70fde3bf0d659cf,2123721
images_1/829_7833258988600101586_620035_.jpeg,74faa7d607b059208ad79fb12c3bd380,1949539
images_1/833_8480191272000109818_104726_.jpg,d87620dbbe832fdd19ac458523f5b28a,2565835
images_1/833_8480191272000109818_278334_.jpg,79f02da4d20603bf5174830595526d6d,2485101
images_1/834_8481546641500107142_666996_.jpg,fdfaeb13b72072c69c662acc7176a5a6,2253595
images_1/834_8481546641500107142_863435_.jpg,3813c9e88418f01ce9d0415d26fe78cb,1984530
images_1/835_8481959115800108336_159625_.jpg,37d160324e59398e94c3b07fe9f0a903,1253160
images_1/835_8481959115800108336_556313_.jpg,12f9ac3ce1dfa70a3e46df7501cfcac3,1071922
images_1/838_8485716916100102875_217936_.jpeg,b09a27c3147a6a6b24624a2e99eb566d,2824275
images_1/838_8485716916100102875_778900_.jpeg,4243472323066f94566a7b5b62f915a3,3012982
images_1/839_8481350740100106452_169655_.jpeg,c8d3b9ee079eca1b6fb95d35a5815a85,1510994
images_1/839_8481350740100106452_344676_.jpeg,65166ab563d18baadfa7dfccda60fae5,2757450
images_1/841_8494743736000107986_544865_.jpg,fc8e24df6254681b5bece96a2a80ecf8,1434289
images_1/841_8494743736000107986_791861_.jpg,72d771e42313f7143832644500cfca78,1388924
images_1/849_8480511138200101534_113496_.jpg,2470e45ba8c7b5a9d5757a2a41439578,1711958
images_1/849_8480511138200101534_562810_.jpg,6a4ac360623d3428966d30d2a8ef2856,1851661
images_1/862_8469850961500101866_317849_.jpg,f91df5cd72505219ddd1a66d01a9108f,2459063
images_1/862_8469850961500101866_616488_.jpg,07a98090b982812012a04d7198c21df2,2314944
images_1/865_8319139862700107457_443468_.jpg,339718310907b1fcd9d031b92d9fa4b9,2397838
images_1/865_8319139862700107457_913841_.jpg,73c6d95f0671108bd65a9c4df637a118,2704551
images_1/866_8453204822900106522_434605_.jpg,5f5a2701729113196a0bfdfda361955d,106426
images_1/866_8453204822900106522_548407_.jpg,57456c6b0d031869078cc10f0ac54ded,114432
images_1/868_7833441420400107143_419040_.jpg,0190e006be10f5f2168d54740eedd081,1078893
images_1/868_7833441420400107143_880242_.jpg,7e9db5a3f5c3814c728341ba0063a453,1101335
images_1/870_8212954136400107535_127598_.jpeg,73eedc11c397a69f20c025e36f4fad9a,1819018
images_1/870_8212954136400107535_216805_.jpeg,6178770106b64dbf0ea86a503f47ec70,1619715
images_1/872_8487587435500107982_407697_.jpeg,b8da955a17637fa2182b35f6a91dcf3c,602514
images_1/872_8487587435500107982_584409_.jpeg,5acbca7ceef90847323846e99294da32,495431
images_1/873_7906188495000105715_805485_.jpg,898958013dc8baa8633db48050adde0f,1328634
images_1/873_7906188495000105715_814979_.jpg,94ad09385ea465c6fa2d5ac49c8a3151,1306533
images_1/874_8332251127100102949_282929_.jpg,7c4ddb87c0a0476d226dfaf84b8a73aa,4396570
images_1/874_8332251127100102949_455348_.jpg,93b80a27ad54a4af952d14853f365b65,4384892
images_1/878_8454310214200105192_125604_.jpg,3f84e58926079f8739b622b54d8dae00,2461359
images_1/878_8454310214200105192_842378_.jpg,30cc818b088f086ccebcf60aaed6a063,2518037
images_1/882_8514355573400107626_593977_.jpg,50fde4f5065fd1f40e516eaea87fd6e8,3208506
images_1/882_8514355573400107626_718669_.jpg,59ee2452399e1b7155795e40785c48ff,3170510
images_1/885_8391646315900103696_117233_.jpg,2a800cb30654459ebff9178db08a1709,2907244
images_1/885_8391646315900103696_430650_.jpg,deb961364b879a3ebb3c36aa05faeab3,3278491
images_1/886_8513682819500101810_383292_.jpeg,f8420968c90e1b689cf67e7c86b0fbd9,2546989
images_1/886_8513682819500101810_848406_.jpeg,284548babf3e6975fdefc595a5b6ecb1,2682800
images_1/894_7839543265800100497_718631_.jpeg,d9ff65e8e415e73e6867caaffa7af961,219699
images_1/894_7839543265800100497_933219_.jpeg,63df7af59ac31a8df846cf1bc2580624,215043
images_1/898_8480908139800104225_441722_.jpeg,f2486cde98cdf256f0aad4354a98de84,170482
images_1/898_8480908139800104225_550527_.jpeg,dba9d09b43a99b980b3d64f268346cbc,309452
images_1/899_7840397102700102203_360638_.jpeg,b2152ec46279e8cb68f0be082ee96bdb,549432
images_1/899_7840397102700102203_629022_.jpeg,1f37f545eebba94eb6c884bb3b0550c8,556002
images_1/915_8472616532100108837_447748_.jpeg,b4cf14523344873ad563b43109374210,1495286
images_1/915_8472616532100108837_483509_.jpeg,5d696eaa9c51d2c19c863cd315c0ad13,1547495
images_1/916_8470693194800104224_118031_.jpeg,44c208b48260dce17dc61609b8b5b6f8,1689828
images_1/916_8470693194800104224_601320_.jpeg,7f32b43b064167473189e39568ffc88f,1927493
images_1/917_7836448125200108789_607429_.jpg,13491c93f0faa50888105e7ffb02f17d,2444484
images_1/917_7836448125200108789_622527_.jpg,521648705f9bdaed2969165c250f1bf9,2306192
images_1/924_7848876897000107424_139062_.jpg,bbd3be5dc0861e66976d3075cd87a239,69582
images_1/924_7848876897000107424_424888_.jpg,42ee2a9d55b73f781f4b80ad9b4835e0,64613
images_1/927_7835634179500108342_216403_.jpg,f12870607b93880b0703fb1a716a2d18,2638937
images_1/927_7835634179500108342_639510_.jpg,44c30689294ead16d6c27ecc681cd2f2,3054094
images_1/930_8452902175100108893_348030_.jpeg,6bf33df8263e4960313afb3dfa1b7dc6,128937
images_1/930_8452902175100108893_553855_.jpeg,091a195f53548a89a1f211355ae63ff0,81787
images_1/934_7837037980000104126_217304_.jpeg,e3a030ea57f375d9404354fc76ede6e4,1528430
images_1/934_7837037980000104126_707635_.jpeg,960fd88851615880543e6e4083dd42bb,1623242
images_1/935_7906530759000105566_380310_.jpeg,fe1d8b8193a445e65109a3b4d73e92fc,2142580
images_1/935_7906530759000105566_859486_.jpeg,82b113bd5b74c46951e439a9e46cf3e9,2081680
images_1/942_8564142842700106235_490915_.jpg,20cb9cc648039e89a0db8172ef3d59ce,2787427
images_1/942_8564142842700106235_691331_.jpg,6faf04f3ce22071a579900e245ea362e,2905519
images_1/946_8567944214100101632_474172_.jpeg,8ec63c578daefeb34c9ff074febe26f7,1403688
images_1/946_8567944214100101632_589247_.jpeg,eebc3f710a578eb8a5d143b8b10497cc,1392847
images_1/951_7836113225200107883_187538_.jpg,2047462e569b456442c4f34f5468a4b9,2955275
images_1/951_7836113225200107883_793786_.jpg,af034dea885a8ba808ae7cbc88da9fe7,2648697
images_1/952_7832587496900109208_106741_.jpg,4f83247d3432e89f5550f6eb46d9339e,2947312
images_1/952_7832587496900109208_321694_.jpg,b1682b1c99494a9dbfac2b235f73e5e1,3141010
images_1/954_7858079776400101481_166761_.jpg,5d67882b73927985f5b1506d23f876d9,2365181
images_1/954_7858079776400101481_761988_.jpg,d9944ee04cd1cd495e7cc7c0d7a7bc3c,2378506
images_1/964_7977349855300108252_561733_.jpg,dd9a852254f5e93aeff6c806f3369f00,4002299
images_1/964_7977349855300108252_996432_.jpg,749cad259575010ec85f74a65ffa6b75,3951617
images_1/966_7835023296200108711_154304_.jpeg,3e34bc4c70a3a8d1c9a7698c7aa21292,70084
images_1/966_7835023296200108711_175458_.jpeg,a8c69f3262c38af74c82b8f034acd2ac,72855
images_1/968_7833164888500106455_166659_.jpeg,a9d0fda8783916d51d362606743f31ac,3183982
images_1/968_7833164888500106455_647478_.jpeg,c6ff50109037ffb012f989c337b275b1,3101176
images_1/979_7832750112800107592_358566_.jpg,9ca821677d403ac58992ecb54ff83967,2240009
images_1/979_7832750112800107592_603078_.jpg,5fa7302edd67062accd44ec42669fe8e,2257559
images_1/981_7833139142800105730_230497_.jpg,67ecdf1fc6d36e6aae955af695becc65,6091645
images_1/981_7833139142800105730_235322_.jpg,ac7ddecd51027c64fb5a113405826cf9,5257718
images_1/993_7832946437000105763_170455_.jpeg,fd1c48b0784194f7050a925751ae917d,1851841
images_1/993_7832946437000105763_327976_.jpeg,0381694f4f54663aa61538396b28a83d,1718844
